<?xml version="1.0" encoding="UTF-8"?>
<spirit:component xmlns:xilinx="http://www.xilinx.com"
		xmlns:spirit="http://www.spiritconsortium.org/XMLSchema/SPIRIT/1685-2009"
		xmlns:xsi="http://www.w3.org/2001/XMLSchema-instance">
	<spirit:vendor>xilinx.com</spirit:vendor>
	<spirit:library>customized_ip</spirit:library>
	<spirit:name>MainDesign_axi_iic_0_0</spirit:name>
	<spirit:version>1.0</spirit:version>
	<spirit:busInterfaces>
		<spirit:busInterface>
			<spirit:name>S_AXI</spirit:name>
			<spirit:displayName>S_AXI</spirit:displayName>
			<spirit:description>AXI4-Lite slave</spirit:description>
			<spirit:busType spirit:vendor="xilinx.com"
					spirit:library="interface"
					spirit:name="aximm"
					spirit:version="1.0"/>
			<spirit:abstractionType spirit:vendor="xilinx.com"
					spirit:library="interface"
					spirit:name="aximm_rtl"
					spirit:version="1.0"/>
			<spirit:slave/>
			<spirit:portMaps>
				<spirit:portMap>
					<spirit:logicalPort>
						<spirit:name>ARADDR</spirit:name>
					</spirit:logicalPort>
					<spirit:physicalPort>
						<spirit:name>s_axi_araddr</spirit:name>
					</spirit:physicalPort>
				</spirit:portMap>
				<spirit:portMap>
					<spirit:logicalPort>
						<spirit:name>ARREADY</spirit:name>
					</spirit:logicalPort>
					<spirit:physicalPort>
						<spirit:name>s_axi_arready</spirit:name>
					</spirit:physicalPort>
				</spirit:portMap>
				<spirit:portMap>
					<spirit:logicalPort>
						<spirit:name>ARVALID</spirit:name>
					</spirit:logicalPort>
					<spirit:physicalPort>
						<spirit:name>s_axi_arvalid</spirit:name>
					</spirit:physicalPort>
				</spirit:portMap>
				<spirit:portMap>
					<spirit:logicalPort>
						<spirit:name>AWADDR</spirit:name>
					</spirit:logicalPort>
					<spirit:physicalPort>
						<spirit:name>s_axi_awaddr</spirit:name>
					</spirit:physicalPort>
				</spirit:portMap>
				<spirit:portMap>
					<spirit:logicalPort>
						<spirit:name>AWREADY</spirit:name>
					</spirit:logicalPort>
					<spirit:physicalPort>
						<spirit:name>s_axi_awready</spirit:name>
					</spirit:physicalPort>
				</spirit:portMap>
				<spirit:portMap>
					<spirit:logicalPort>
						<spirit:name>AWVALID</spirit:name>
					</spirit:logicalPort>
					<spirit:physicalPort>
						<spirit:name>s_axi_awvalid</spirit:name>
					</spirit:physicalPort>
				</spirit:portMap>
				<spirit:portMap>
					<spirit:logicalPort>
						<spirit:name>BREADY</spirit:name>
					</spirit:logicalPort>
					<spirit:physicalPort>
						<spirit:name>s_axi_bready</spirit:name>
					</spirit:physicalPort>
				</spirit:portMap>
				<spirit:portMap>
					<spirit:logicalPort>
						<spirit:name>BRESP</spirit:name>
					</spirit:logicalPort>
					<spirit:physicalPort>
						<spirit:name>s_axi_bresp</spirit:name>
					</spirit:physicalPort>
				</spirit:portMap>
				<spirit:portMap>
					<spirit:logicalPort>
						<spirit:name>BVALID</spirit:name>
					</spirit:logicalPort>
					<spirit:physicalPort>
						<spirit:name>s_axi_bvalid</spirit:name>
					</spirit:physicalPort>
				</spirit:portMap>
				<spirit:portMap>
					<spirit:logicalPort>
						<spirit:name>RDATA</spirit:name>
					</spirit:logicalPort>
					<spirit:physicalPort>
						<spirit:name>s_axi_rdata</spirit:name>
					</spirit:physicalPort>
				</spirit:portMap>
				<spirit:portMap>
					<spirit:logicalPort>
						<spirit:name>RREADY</spirit:name>
					</spirit:logicalPort>
					<spirit:physicalPort>
						<spirit:name>s_axi_rready</spirit:name>
					</spirit:physicalPort>
				</spirit:portMap>
				<spirit:portMap>
					<spirit:logicalPort>
						<spirit:name>RRESP</spirit:name>
					</spirit:logicalPort>
					<spirit:physicalPort>
						<spirit:name>s_axi_rresp</spirit:name>
					</spirit:physicalPort>
				</spirit:portMap>
				<spirit:portMap>
					<spirit:logicalPort>
						<spirit:name>RVALID</spirit:name>
					</spirit:logicalPort>
					<spirit:physicalPort>
						<spirit:name>s_axi_rvalid</spirit:name>
					</spirit:physicalPort>
				</spirit:portMap>
				<spirit:portMap>
					<spirit:logicalPort>
						<spirit:name>WDATA</spirit:name>
					</spirit:logicalPort>
					<spirit:physicalPort>
						<spirit:name>s_axi_wdata</spirit:name>
					</spirit:physicalPort>
				</spirit:portMap>
				<spirit:portMap>
					<spirit:logicalPort>
						<spirit:name>WREADY</spirit:name>
					</spirit:logicalPort>
					<spirit:physicalPort>
						<spirit:name>s_axi_wready</spirit:name>
					</spirit:physicalPort>
				</spirit:portMap>
				<spirit:portMap>
					<spirit:logicalPort>
						<spirit:name>WSTRB</spirit:name>
					</spirit:logicalPort>
					<spirit:physicalPort>
						<spirit:name>s_axi_wstrb</spirit:name>
					</spirit:physicalPort>
				</spirit:portMap>
				<spirit:portMap>
					<spirit:logicalPort>
						<spirit:name>WVALID</spirit:name>
					</spirit:logicalPort>
					<spirit:physicalPort>
						<spirit:name>s_axi_wvalid</spirit:name>
					</spirit:physicalPort>
				</spirit:portMap>
			</spirit:portMaps>
		</spirit:busInterface>
		<spirit:busInterface>
			<spirit:name>S_AXI_ACLK</spirit:name>
			<spirit:displayName>s_axi_aclk</spirit:displayName>
			<spirit:description>s_axi_aclk</spirit:description>
			<spirit:busType spirit:vendor="xilinx.com"
					spirit:library="signal"
					spirit:name="clock"
					spirit:version="1.0"/>
			<spirit:abstractionType spirit:vendor="xilinx.com"
					spirit:library="signal"
					spirit:name="clock_rtl"
					spirit:version="1.0"/>
			<spirit:slave/>
			<spirit:portMaps>
				<spirit:portMap>
					<spirit:logicalPort>
						<spirit:name>CLK</spirit:name>
					</spirit:logicalPort>
					<spirit:physicalPort>
						<spirit:name>s_axi_aclk</spirit:name>
					</spirit:physicalPort>
				</spirit:portMap>
			</spirit:portMaps>
			<spirit:parameters>
				<spirit:parameter>
					<spirit:name>ASSOCIATED_BUSIF</spirit:name>
					<spirit:value spirit:id="BUSIFPARAM_VALUE.S_AXI_ACLK.ASSOCIATED_BUSIF">S_AXI</spirit:value>
				</spirit:parameter>
				<spirit:parameter>
					<spirit:name>ASSOCIATED_RESET</spirit:name>
					<spirit:value spirit:id="BUSIFPARAM_VALUE.S_AXI_ACLK.ASSOCIATED_RESET">s_axi_aresetn</spirit:value>
				</spirit:parameter>
			</spirit:parameters>
		</spirit:busInterface>
		<spirit:busInterface>
			<spirit:name>S_AXI_ARESETN</spirit:name>
			<spirit:displayName>s_axi_aresetn</spirit:displayName>
			<spirit:description>s_axi_aresetn</spirit:description>
			<spirit:busType spirit:vendor="xilinx.com"
					spirit:library="signal"
					spirit:name="reset"
					spirit:version="1.0"/>
			<spirit:abstractionType spirit:vendor="xilinx.com"
					spirit:library="signal"
					spirit:name="reset_rtl"
					spirit:version="1.0"/>
			<spirit:slave/>
			<spirit:portMaps>
				<spirit:portMap>
					<spirit:logicalPort>
						<spirit:name>RST</spirit:name>
					</spirit:logicalPort>
					<spirit:physicalPort>
						<spirit:name>s_axi_aresetn</spirit:name>
					</spirit:physicalPort>
				</spirit:portMap>
			</spirit:portMaps>
			<spirit:parameters>
				<spirit:parameter>
					<spirit:name>POLARITY</spirit:name>
					<spirit:value spirit:id="BUSIFPARAM_VALUE.S_AXI_ARESETN.POLARITY">ACTIVE_LOW</spirit:value>
				</spirit:parameter>
			</spirit:parameters>
		</spirit:busInterface>
		<spirit:busInterface>
			<spirit:name>INTERRUPT</spirit:name>
			<spirit:displayName>Interrupt</spirit:displayName>
			<spirit:description>Slave Interrupt to INTC</spirit:description>
			<spirit:busType spirit:vendor="xilinx.com"
					spirit:library="signal"
					spirit:name="interrupt"
					spirit:version="1.0"/>
			<spirit:abstractionType spirit:vendor="xilinx.com"
					spirit:library="signal"
					spirit:name="interrupt_rtl"
					spirit:version="1.0"/>
			<spirit:master/>
			<spirit:portMaps>
				<spirit:portMap>
					<spirit:logicalPort>
						<spirit:name>INTERRUPT</spirit:name>
					</spirit:logicalPort>
					<spirit:physicalPort>
						<spirit:name>iic2intc_irpt</spirit:name>
					</spirit:physicalPort>
				</spirit:portMap>
			</spirit:portMaps>
		</spirit:busInterface>
		<spirit:busInterface>
			<spirit:name>IIC</spirit:name>
			<spirit:displayName>IIC</spirit:displayName>
			<spirit:description>IIC</spirit:description>
			<spirit:busType spirit:vendor="xilinx.com"
					spirit:library="interface"
					spirit:name="iic"
					spirit:version="1.0"/>
			<spirit:abstractionType spirit:vendor="xilinx.com"
					spirit:library="interface"
					spirit:name="iic_rtl"
					spirit:version="1.0"/>
			<spirit:master/>
			<spirit:portMaps>
				<spirit:portMap>
					<spirit:logicalPort>
						<spirit:name>SCL_I</spirit:name>
					</spirit:logicalPort>
					<spirit:physicalPort>
						<spirit:name>scl_i</spirit:name>
					</spirit:physicalPort>
				</spirit:portMap>
				<spirit:portMap>
					<spirit:logicalPort>
						<spirit:name>SCL_O</spirit:name>
					</spirit:logicalPort>
					<spirit:physicalPort>
						<spirit:name>scl_o</spirit:name>
					</spirit:physicalPort>
				</spirit:portMap>
				<spirit:portMap>
					<spirit:logicalPort>
						<spirit:name>SCL_T</spirit:name>
					</spirit:logicalPort>
					<spirit:physicalPort>
						<spirit:name>scl_t</spirit:name>
					</spirit:physicalPort>
				</spirit:portMap>
				<spirit:portMap>
					<spirit:logicalPort>
						<spirit:name>SDA_I</spirit:name>
					</spirit:logicalPort>
					<spirit:physicalPort>
						<spirit:name>sda_i</spirit:name>
					</spirit:physicalPort>
				</spirit:portMap>
				<spirit:portMap>
					<spirit:logicalPort>
						<spirit:name>SDA_O</spirit:name>
					</spirit:logicalPort>
					<spirit:physicalPort>
						<spirit:name>sda_o</spirit:name>
					</spirit:physicalPort>
				</spirit:portMap>
				<spirit:portMap>
					<spirit:logicalPort>
						<spirit:name>SDA_T</spirit:name>
					</spirit:logicalPort>
					<spirit:physicalPort>
						<spirit:name>sda_t</spirit:name>
					</spirit:physicalPort>
				</spirit:portMap>
			</spirit:portMaps>
			<spirit:parameters>
				<spirit:parameter>
					<spirit:name>BOARD.ASSOCIATED_PARAM</spirit:name>
					<spirit:value spirit:id="BUSIFPARAM_VALUE.IIC.BOARD.ASSOCIATED_PARAM">IIC_BOARD_INTERFACE</spirit:value>
				</spirit:parameter>
			</spirit:parameters>
		</spirit:busInterface>
	</spirit:busInterfaces>
	<spirit:model>
		<spirit:views>
			<spirit:view>
				<spirit:name>xilinx_vhdlsynthesis</spirit:name>
				<spirit:displayName>VHDL Synthesis</spirit:displayName>
				<spirit:envIdentifier>vhdlSource:vivado.xilinx.com:synthesis</spirit:envIdentifier>
				<spirit:language>vhdl</spirit:language>
				<spirit:fileSetRef>
					<spirit:localName>xilinx_vhdlsynthesis_view_fileset</spirit:localName>
				</spirit:fileSetRef>
				<spirit:parameters>
					<spirit:parameter>
						<spirit:name>customizationCRC</spirit:name>
						<spirit:value>2145296119</spirit:value>
					</spirit:parameter>
					<spirit:parameter>
						<spirit:name>customizationCRCversion</spirit:name>
						<spirit:value>3</spirit:value>
					</spirit:parameter>
					<spirit:parameter>
						<spirit:name>GENtimestamp</spirit:name>
						<spirit:value>Mon Jun 09 16:45:38 UTC 2014</spirit:value>
					</spirit:parameter>
					<spirit:parameter>
						<spirit:name>StaleAtRelink</spirit:name>
						<spirit:value>false</spirit:value>
					</spirit:parameter>
				</spirit:parameters>
			</spirit:view>
			<spirit:view>
				<spirit:name>xilinx_implementation</spirit:name>
				<spirit:displayName>Implementation</spirit:displayName>
				<spirit:envIdentifier>:vivado.xilinx.com:implementation</spirit:envIdentifier>
				<spirit:fileSetRef>
					<spirit:localName>xilinx_implementation_view_fileset</spirit:localName>
				</spirit:fileSetRef>
				<spirit:parameters>
					<spirit:parameter>
						<spirit:name>customizationCRC</spirit:name>
						<spirit:value>2145296119</spirit:value>
					</spirit:parameter>
					<spirit:parameter>
						<spirit:name>customizationCRCversion</spirit:name>
						<spirit:value>3</spirit:value>
					</spirit:parameter>
					<spirit:parameter>
						<spirit:name>GENtimestamp</spirit:name>
						<spirit:value>Mon Jun 09 16:45:38 UTC 2014</spirit:value>
					</spirit:parameter>
					<spirit:parameter>
						<spirit:name>StaleAtRelink</spirit:name>
						<spirit:value>false</spirit:value>
					</spirit:parameter>
				</spirit:parameters>
			</spirit:view>
		</spirit:views>
		<spirit:ports>
			<spirit:port>
				<spirit:name>s_axi_aclk</spirit:name>
				<spirit:wire>
					<spirit:direction>in</spirit:direction>
					<spirit:wireTypeDefs>
						<spirit:wireTypeDef>
							<spirit:typeName>std_logic</spirit:typeName>
							<spirit:viewNameRef>xilinx_vhdlsynthesis</spirit:viewNameRef>
						</spirit:wireTypeDef>
					</spirit:wireTypeDefs>
				</spirit:wire>
			</spirit:port>
			<spirit:port>
				<spirit:name>s_axi_aresetn</spirit:name>
				<spirit:wire>
					<spirit:direction>in</spirit:direction>
					<spirit:wireTypeDefs>
						<spirit:wireTypeDef>
							<spirit:typeName>std_logic</spirit:typeName>
							<spirit:viewNameRef>xilinx_vhdlsynthesis</spirit:viewNameRef>
						</spirit:wireTypeDef>
					</spirit:wireTypeDefs>
				</spirit:wire>
			</spirit:port>
			<spirit:port>
				<spirit:name>iic2intc_irpt</spirit:name>
				<spirit:wire>
					<spirit:direction>out</spirit:direction>
					<spirit:wireTypeDefs>
						<spirit:wireTypeDef>
							<spirit:typeName>std_logic</spirit:typeName>
							<spirit:viewNameRef>xilinx_vhdlsynthesis</spirit:viewNameRef>
						</spirit:wireTypeDef>
					</spirit:wireTypeDefs>
				</spirit:wire>
			</spirit:port>
			<spirit:port>
				<spirit:name>s_axi_awaddr</spirit:name>
				<spirit:wire>
					<spirit:direction>in</spirit:direction>
					<spirit:vector>
						<spirit:left spirit:format="long"
								spirit:resolve="immediate">8</spirit:left>
						<spirit:right spirit:format="long"
								spirit:resolve="immediate">0</spirit:right>
					</spirit:vector>
					<spirit:wireTypeDefs>
						<spirit:wireTypeDef>
							<spirit:typeName>std_logic_vector</spirit:typeName>
							<spirit:viewNameRef>xilinx_vhdlsynthesis</spirit:viewNameRef>
						</spirit:wireTypeDef>
					</spirit:wireTypeDefs>
				</spirit:wire>
			</spirit:port>
			<spirit:port>
				<spirit:name>s_axi_awvalid</spirit:name>
				<spirit:wire>
					<spirit:direction>in</spirit:direction>
					<spirit:wireTypeDefs>
						<spirit:wireTypeDef>
							<spirit:typeName>std_logic</spirit:typeName>
							<spirit:viewNameRef>xilinx_vhdlsynthesis</spirit:viewNameRef>
						</spirit:wireTypeDef>
					</spirit:wireTypeDefs>
				</spirit:wire>
			</spirit:port>
			<spirit:port>
				<spirit:name>s_axi_awready</spirit:name>
				<spirit:wire>
					<spirit:direction>out</spirit:direction>
					<spirit:wireTypeDefs>
						<spirit:wireTypeDef>
							<spirit:typeName>std_logic</spirit:typeName>
							<spirit:viewNameRef>xilinx_vhdlsynthesis</spirit:viewNameRef>
						</spirit:wireTypeDef>
					</spirit:wireTypeDefs>
				</spirit:wire>
			</spirit:port>
			<spirit:port>
				<spirit:name>s_axi_wdata</spirit:name>
				<spirit:wire>
					<spirit:direction>in</spirit:direction>
					<spirit:vector>
						<spirit:left spirit:format="long"
								spirit:resolve="immediate">31</spirit:left>
						<spirit:right spirit:format="long"
								spirit:resolve="immediate">0</spirit:right>
					</spirit:vector>
					<spirit:wireTypeDefs>
						<spirit:wireTypeDef>
							<spirit:typeName>std_logic_vector</spirit:typeName>
							<spirit:viewNameRef>xilinx_vhdlsynthesis</spirit:viewNameRef>
						</spirit:wireTypeDef>
					</spirit:wireTypeDefs>
				</spirit:wire>
			</spirit:port>
			<spirit:port>
				<spirit:name>s_axi_wstrb</spirit:name>
				<spirit:wire>
					<spirit:direction>in</spirit:direction>
					<spirit:vector>
						<spirit:left spirit:format="long"
								spirit:resolve="immediate">3</spirit:left>
						<spirit:right spirit:format="long"
								spirit:resolve="immediate">0</spirit:right>
					</spirit:vector>
					<spirit:wireTypeDefs>
						<spirit:wireTypeDef>
							<spirit:typeName>std_logic_vector</spirit:typeName>
							<spirit:viewNameRef>xilinx_vhdlsynthesis</spirit:viewNameRef>
						</spirit:wireTypeDef>
					</spirit:wireTypeDefs>
				</spirit:wire>
			</spirit:port>
			<spirit:port>
				<spirit:name>s_axi_wvalid</spirit:name>
				<spirit:wire>
					<spirit:direction>in</spirit:direction>
					<spirit:wireTypeDefs>
						<spirit:wireTypeDef>
							<spirit:typeName>std_logic</spirit:typeName>
							<spirit:viewNameRef>xilinx_vhdlsynthesis</spirit:viewNameRef>
						</spirit:wireTypeDef>
					</spirit:wireTypeDefs>
				</spirit:wire>
			</spirit:port>
			<spirit:port>
				<spirit:name>s_axi_wready</spirit:name>
				<spirit:wire>
					<spirit:direction>out</spirit:direction>
					<spirit:wireTypeDefs>
						<spirit:wireTypeDef>
							<spirit:typeName>std_logic</spirit:typeName>
							<spirit:viewNameRef>xilinx_vhdlsynthesis</spirit:viewNameRef>
						</spirit:wireTypeDef>
					</spirit:wireTypeDefs>
				</spirit:wire>
			</spirit:port>
			<spirit:port>
				<spirit:name>s_axi_bresp</spirit:name>
				<spirit:wire>
					<spirit:direction>out</spirit:direction>
					<spirit:vector>
						<spirit:left spirit:format="long"
								spirit:resolve="immediate">1</spirit:left>
						<spirit:right spirit:format="long"
								spirit:resolve="immediate">0</spirit:right>
					</spirit:vector>
					<spirit:wireTypeDefs>
						<spirit:wireTypeDef>
							<spirit:typeName>std_logic_vector</spirit:typeName>
							<spirit:viewNameRef>xilinx_vhdlsynthesis</spirit:viewNameRef>
						</spirit:wireTypeDef>
					</spirit:wireTypeDefs>
				</spirit:wire>
			</spirit:port>
			<spirit:port>
				<spirit:name>s_axi_bvalid</spirit:name>
				<spirit:wire>
					<spirit:direction>out</spirit:direction>
					<spirit:wireTypeDefs>
						<spirit:wireTypeDef>
							<spirit:typeName>std_logic</spirit:typeName>
							<spirit:viewNameRef>xilinx_vhdlsynthesis</spirit:viewNameRef>
						</spirit:wireTypeDef>
					</spirit:wireTypeDefs>
				</spirit:wire>
			</spirit:port>
			<spirit:port>
				<spirit:name>s_axi_bready</spirit:name>
				<spirit:wire>
					<spirit:direction>in</spirit:direction>
					<spirit:wireTypeDefs>
						<spirit:wireTypeDef>
							<spirit:typeName>std_logic</spirit:typeName>
							<spirit:viewNameRef>xilinx_vhdlsynthesis</spirit:viewNameRef>
						</spirit:wireTypeDef>
					</spirit:wireTypeDefs>
				</spirit:wire>
			</spirit:port>
			<spirit:port>
				<spirit:name>s_axi_araddr</spirit:name>
				<spirit:wire>
					<spirit:direction>in</spirit:direction>
					<spirit:vector>
						<spirit:left spirit:format="long"
								spirit:resolve="immediate">8</spirit:left>
						<spirit:right spirit:format="long"
								spirit:resolve="immediate">0</spirit:right>
					</spirit:vector>
					<spirit:wireTypeDefs>
						<spirit:wireTypeDef>
							<spirit:typeName>std_logic_vector</spirit:typeName>
							<spirit:viewNameRef>xilinx_vhdlsynthesis</spirit:viewNameRef>
						</spirit:wireTypeDef>
					</spirit:wireTypeDefs>
				</spirit:wire>
			</spirit:port>
			<spirit:port>
				<spirit:name>s_axi_arvalid</spirit:name>
				<spirit:wire>
					<spirit:direction>in</spirit:direction>
					<spirit:wireTypeDefs>
						<spirit:wireTypeDef>
							<spirit:typeName>std_logic</spirit:typeName>
							<spirit:viewNameRef>xilinx_vhdlsynthesis</spirit:viewNameRef>
						</spirit:wireTypeDef>
					</spirit:wireTypeDefs>
				</spirit:wire>
			</spirit:port>
			<spirit:port>
				<spirit:name>s_axi_arready</spirit:name>
				<spirit:wire>
					<spirit:direction>out</spirit:direction>
					<spirit:wireTypeDefs>
						<spirit:wireTypeDef>
							<spirit:typeName>std_logic</spirit:typeName>
							<spirit:viewNameRef>xilinx_vhdlsynthesis</spirit:viewNameRef>
						</spirit:wireTypeDef>
					</spirit:wireTypeDefs>
				</spirit:wire>
			</spirit:port>
			<spirit:port>
				<spirit:name>s_axi_rdata</spirit:name>
				<spirit:wire>
					<spirit:direction>out</spirit:direction>
					<spirit:vector>
						<spirit:left spirit:format="long"
								spirit:resolve="immediate">31</spirit:left>
						<spirit:right spirit:format="long"
								spirit:resolve="immediate">0</spirit:right>
					</spirit:vector>
					<spirit:wireTypeDefs>
						<spirit:wireTypeDef>
							<spirit:typeName>std_logic_vector</spirit:typeName>
							<spirit:viewNameRef>xilinx_vhdlsynthesis</spirit:viewNameRef>
						</spirit:wireTypeDef>
					</spirit:wireTypeDefs>
				</spirit:wire>
			</spirit:port>
			<spirit:port>
				<spirit:name>s_axi_rresp</spirit:name>
				<spirit:wire>
					<spirit:direction>out</spirit:direction>
					<spirit:vector>
						<spirit:left spirit:format="long"
								spirit:resolve="immediate">1</spirit:left>
						<spirit:right spirit:format="long"
								spirit:resolve="immediate">0</spirit:right>
					</spirit:vector>
					<spirit:wireTypeDefs>
						<spirit:wireTypeDef>
							<spirit:typeName>std_logic_vector</spirit:typeName>
							<spirit:viewNameRef>xilinx_vhdlsynthesis</spirit:viewNameRef>
						</spirit:wireTypeDef>
					</spirit:wireTypeDefs>
				</spirit:wire>
			</spirit:port>
			<spirit:port>
				<spirit:name>s_axi_rvalid</spirit:name>
				<spirit:wire>
					<spirit:direction>out</spirit:direction>
					<spirit:wireTypeDefs>
						<spirit:wireTypeDef>
							<spirit:typeName>std_logic</spirit:typeName>
							<spirit:viewNameRef>xilinx_vhdlsynthesis</spirit:viewNameRef>
						</spirit:wireTypeDef>
					</spirit:wireTypeDefs>
				</spirit:wire>
			</spirit:port>
			<spirit:port>
				<spirit:name>s_axi_rready</spirit:name>
				<spirit:wire>
					<spirit:direction>in</spirit:direction>
					<spirit:wireTypeDefs>
						<spirit:wireTypeDef>
							<spirit:typeName>std_logic</spirit:typeName>
							<spirit:viewNameRef>xilinx_vhdlsynthesis</spirit:viewNameRef>
						</spirit:wireTypeDef>
					</spirit:wireTypeDefs>
				</spirit:wire>
			</spirit:port>
			<spirit:port>
				<spirit:name>sda_i</spirit:name>
				<spirit:wire>
					<spirit:direction>in</spirit:direction>
					<spirit:wireTypeDefs>
						<spirit:wireTypeDef>
							<spirit:typeName>std_logic</spirit:typeName>
							<spirit:viewNameRef>xilinx_vhdlsynthesis</spirit:viewNameRef>
						</spirit:wireTypeDef>
					</spirit:wireTypeDefs>
				</spirit:wire>
			</spirit:port>
			<spirit:port>
				<spirit:name>sda_o</spirit:name>
				<spirit:wire>
					<spirit:direction>out</spirit:direction>
					<spirit:wireTypeDefs>
						<spirit:wireTypeDef>
							<spirit:typeName>std_logic</spirit:typeName>
							<spirit:viewNameRef>xilinx_vhdlsynthesis</spirit:viewNameRef>
						</spirit:wireTypeDef>
					</spirit:wireTypeDefs>
				</spirit:wire>
			</spirit:port>
			<spirit:port>
				<spirit:name>sda_t</spirit:name>
				<spirit:wire>
					<spirit:direction>out</spirit:direction>
					<spirit:wireTypeDefs>
						<spirit:wireTypeDef>
							<spirit:typeName>std_logic</spirit:typeName>
							<spirit:viewNameRef>xilinx_vhdlsynthesis</spirit:viewNameRef>
						</spirit:wireTypeDef>
					</spirit:wireTypeDefs>
				</spirit:wire>
			</spirit:port>
			<spirit:port>
				<spirit:name>scl_i</spirit:name>
				<spirit:wire>
					<spirit:direction>in</spirit:direction>
					<spirit:wireTypeDefs>
						<spirit:wireTypeDef>
							<spirit:typeName>std_logic</spirit:typeName>
							<spirit:viewNameRef>xilinx_vhdlsynthesis</spirit:viewNameRef>
						</spirit:wireTypeDef>
					</spirit:wireTypeDefs>
				</spirit:wire>
			</spirit:port>
			<spirit:port>
				<spirit:name>scl_o</spirit:name>
				<spirit:wire>
					<spirit:direction>out</spirit:direction>
					<spirit:wireTypeDefs>
						<spirit:wireTypeDef>
							<spirit:typeName>std_logic</spirit:typeName>
							<spirit:viewNameRef>xilinx_vhdlsynthesis</spirit:viewNameRef>
						</spirit:wireTypeDef>
					</spirit:wireTypeDefs>
				</spirit:wire>
			</spirit:port>
			<spirit:port>
				<spirit:name>scl_t</spirit:name>
				<spirit:wire>
					<spirit:direction>out</spirit:direction>
					<spirit:wireTypeDefs>
						<spirit:wireTypeDef>
							<spirit:typeName>std_logic</spirit:typeName>
							<spirit:viewNameRef>xilinx_vhdlsynthesis</spirit:viewNameRef>
						</spirit:wireTypeDef>
					</spirit:wireTypeDefs>
				</spirit:wire>
			</spirit:port>
			<spirit:port>
				<spirit:name>gpo</spirit:name>
				<spirit:wire>
					<spirit:direction>out</spirit:direction>
					<spirit:vector>
						<spirit:left spirit:format="long"
								spirit:resolve="dependent"
								spirit:dependency="(spirit:decode(id(&apos;MODELPARAM_VALUE.C_GPO_WIDTH&apos;)) - 1)">0</spirit:left>
						<spirit:right spirit:format="long"
								spirit:resolve="immediate">0</spirit:right>
					</spirit:vector>
					<spirit:wireTypeDefs>
						<spirit:wireTypeDef>
							<spirit:typeName>std_logic_vector</spirit:typeName>
							<spirit:viewNameRef>xilinx_vhdlsynthesis</spirit:viewNameRef>
						</spirit:wireTypeDef>
					</spirit:wireTypeDefs>
				</spirit:wire>
			</spirit:port>
		</spirit:ports>
		<spirit:modelParameters>
			<spirit:modelParameter xsi:type="spirit:nameValueTypeType"
					spirit:dataType="string">
				<spirit:name>C_FAMILY</spirit:name>
				<spirit:value spirit:format="string"
						spirit:resolve="generated"
						spirit:id="MODELPARAM_VALUE.C_FAMILY">zynq</spirit:value>
			</spirit:modelParameter>
			<spirit:modelParameter spirit:dataType="integer">
				<spirit:name>C_S_AXI_ADDR_WIDTH</spirit:name>
				<spirit:displayName>C S Axi Addr Width</spirit:displayName>
				<spirit:value spirit:format="long"
						spirit:resolve="immediate"
						spirit:id="MODELPARAM_VALUE.C_S_AXI_ADDR_WIDTH">9</spirit:value>
			</spirit:modelParameter>
			<spirit:modelParameter spirit:dataType="integer">
				<spirit:name>C_S_AXI_DATA_WIDTH</spirit:name>
				<spirit:displayName>C S Axi Data Width</spirit:displayName>
				<spirit:value spirit:format="long"
						spirit:resolve="immediate"
						spirit:id="MODELPARAM_VALUE.C_S_AXI_DATA_WIDTH"
						spirit:maximum="32"
						spirit:rangeType="long">32</spirit:value>
			</spirit:modelParameter>
			<spirit:modelParameter spirit:dataType="integer">
				<spirit:name>C_IIC_FREQ</spirit:name>
				<spirit:displayName>C Iic Freq</spirit:displayName>
				<spirit:value spirit:format="long"
						spirit:resolve="generated"
						spirit:id="MODELPARAM_VALUE.C_IIC_FREQ">100000</spirit:value>
			</spirit:modelParameter>
			<spirit:modelParameter spirit:dataType="integer">
				<spirit:name>C_TEN_BIT_ADR</spirit:name>
				<spirit:displayName>C Ten Bit Adr</spirit:displayName>
				<spirit:value spirit:format="long"
						spirit:resolve="generated"
						spirit:id="MODELPARAM_VALUE.C_TEN_BIT_ADR">0</spirit:value>
			</spirit:modelParameter>
			<spirit:modelParameter spirit:dataType="integer">
				<spirit:name>C_GPO_WIDTH</spirit:name>
				<spirit:displayName>General Purpose Output width</spirit:displayName>
				<spirit:value spirit:format="long"
						spirit:resolve="generated"
						spirit:id="MODELPARAM_VALUE.C_GPO_WIDTH"
						spirit:minimum="1"
						spirit:maximum="8">1</spirit:value>
			</spirit:modelParameter>
			<spirit:modelParameter spirit:dataType="integer">
				<spirit:name>C_S_AXI_ACLK_FREQ_HZ</spirit:name>
				<spirit:displayName>C S Axi Aclk Freq Hz</spirit:displayName>
				<spirit:value spirit:format="long"
						spirit:resolve="generated"
						spirit:id="MODELPARAM_VALUE.C_S_AXI_ACLK_FREQ_HZ">76000000</spirit:value>
			</spirit:modelParameter>
			<spirit:modelParameter spirit:dataType="integer">
				<spirit:name>C_SCL_INERTIAL_DELAY</spirit:name>
				<spirit:displayName>SCL Inertial delay filter value (in AXI clocks)</spirit:displayName>
				<spirit:value spirit:format="long"
						spirit:resolve="generated"
						spirit:id="MODELPARAM_VALUE.C_SCL_INERTIAL_DELAY"
						spirit:minimum="0"
						spirit:maximum="255">0</spirit:value>
			</spirit:modelParameter>
			<spirit:modelParameter spirit:dataType="integer">
				<spirit:name>C_SDA_INERTIAL_DELAY</spirit:name>
				<spirit:displayName>SDA Inertial delay value (in AXI clocks)</spirit:displayName>
				<spirit:value spirit:format="long"
						spirit:resolve="generated"
						spirit:id="MODELPARAM_VALUE.C_SDA_INERTIAL_DELAY"
						spirit:minimum="0"
						spirit:maximum="255">0</spirit:value>
			</spirit:modelParameter>
			<spirit:modelParameter spirit:dataType="integer">
				<spirit:name>C_SDA_LEVEL</spirit:name>
				<spirit:displayName>Serial Data Level</spirit:displayName>
				<spirit:value spirit:format="long"
						spirit:resolve="generated"
						spirit:id="MODELPARAM_VALUE.C_SDA_LEVEL"
						spirit:minimum="0"
						spirit:maximum="1">1</spirit:value>
			</spirit:modelParameter>
			<spirit:modelParameter spirit:dataType="integer">
				<spirit:name>C_SMBUS_PMBUS_HOST</spirit:name>
				<spirit:displayName>C Smbus Pmbus Host</spirit:displayName>
				<spirit:value spirit:format="long"
						spirit:resolve="immediate"
						spirit:id="MODELPARAM_VALUE.C_SMBUS_PMBUS_HOST">0</spirit:value>
			</spirit:modelParameter>
		</spirit:modelParameters>
	</spirit:model>
	<spirit:choices>
		<spirit:choice>
			<spirit:name>choices_0</spirit:name>
			<spirit:enumeration spirit:text="7 bit">7_bit</spirit:enumeration>
			<spirit:enumeration spirit:text="10 bit">10_bit</spirit:enumeration>
		</spirit:choice>
		<spirit:choice>
			<spirit:name>choices_1</spirit:name>
			<spirit:enumeration spirit:text="Custom">Custom</spirit:enumeration>
		</spirit:choice>
	</spirit:choices>
	<spirit:fileSets>
		<spirit:fileSet>
			<spirit:name>xilinx_vhdlsynthesis_view_fileset</spirit:name>
			<spirit:file>
				<spirit:name>blk_mem_gen_v8_0/blk_mem_gen_v8_0_synth_comp.vhd</spirit:name>
				<spirit:fileType>vhdlSource</spirit:fileType>
				<spirit:logicalName>blk_mem_gen_v8_0</spirit:logicalName>
			</spirit:file>
			<spirit:file>
				<spirit:name>blk_mem_gen_v8_0/blk_mem_gen_v8_0_defaults.vhd</spirit:name>
				<spirit:fileType>vhdlSource</spirit:fileType>
				<spirit:logicalName>blk_mem_gen_v8_0</spirit:logicalName>
			</spirit:file>
			<spirit:file>
				<spirit:name>blk_mem_gen_v8_0/blk_mem_gen_v8_0_pkg.vhd</spirit:name>
				<spirit:fileType>vhdlSource</spirit:fileType>
				<spirit:logicalName>blk_mem_gen_v8_0</spirit:logicalName>
			</spirit:file>
			<spirit:file>
				<spirit:name>blk_mem_gen_v8_0/blk_mem_gen_getinit_pkg.vhd</spirit:name>
				<spirit:fileType>vhdlSource</spirit:fileType>
				<spirit:logicalName>blk_mem_gen_v8_0</spirit:logicalName>
			</spirit:file>
			<spirit:file>
				<spirit:name>blk_mem_gen_v8_0/blk_mem_min_area_pkg.vhd</spirit:name>
				<spirit:fileType>vhdlSource</spirit:fileType>
				<spirit:logicalName>blk_mem_gen_v8_0</spirit:logicalName>
			</spirit:file>
			<spirit:file>
				<spirit:name>blk_mem_gen_v8_0/blk_mem_gen_bindec.vhd</spirit:name>
				<spirit:fileType>vhdlSource</spirit:fileType>
				<spirit:logicalName>blk_mem_gen_v8_0</spirit:logicalName>
			</spirit:file>
			<spirit:file>
				<spirit:name>blk_mem_gen_v8_0/blk_mem_gen_mux.vhd</spirit:name>
				<spirit:fileType>vhdlSource</spirit:fileType>
				<spirit:logicalName>blk_mem_gen_v8_0</spirit:logicalName>
			</spirit:file>
			<spirit:file>
				<spirit:name>blk_mem_gen_v8_0/blk_mem_gen_prim_wrapper_v6.vhd</spirit:name>
				<spirit:fileType>vhdlSource</spirit:fileType>
				<spirit:logicalName>blk_mem_gen_v8_0</spirit:logicalName>
			</spirit:file>
			<spirit:file>
				<spirit:name>blk_mem_gen_v8_0/blk_mem_gen_prim_wrapper_v6_init.vhd</spirit:name>
				<spirit:fileType>vhdlSource</spirit:fileType>
				<spirit:logicalName>blk_mem_gen_v8_0</spirit:logicalName>
			</spirit:file>
			<spirit:file>
				<spirit:name>blk_mem_gen_v8_0/blk_mem_gen_prim_width.vhd</spirit:name>
				<spirit:fileType>vhdlSource</spirit:fileType>
				<spirit:logicalName>blk_mem_gen_v8_0</spirit:logicalName>
			</spirit:file>
			<spirit:file>
				<spirit:name>blk_mem_gen_v8_0/blk_mem_gen_generic_cstr.vhd</spirit:name>
				<spirit:fileType>vhdlSource</spirit:fileType>
				<spirit:logicalName>blk_mem_gen_v8_0</spirit:logicalName>
			</spirit:file>
			<spirit:file>
				<spirit:name>blk_mem_gen_v8_0/blk_mem_gen_ecc_encoder.vhd</spirit:name>
				<spirit:fileType>vhdlSource</spirit:fileType>
				<spirit:logicalName>blk_mem_gen_v8_0</spirit:logicalName>
			</spirit:file>
			<spirit:file>
				<spirit:name>blk_mem_gen_v8_0/blk_mem_gen_ecc_decoder.vhd</spirit:name>
				<spirit:fileType>vhdlSource</spirit:fileType>
				<spirit:logicalName>blk_mem_gen_v8_0</spirit:logicalName>
			</spirit:file>
			<spirit:file>
				<spirit:name>blk_mem_gen_v8_0/blk_mem_input_block.vhd</spirit:name>
				<spirit:fileType>vhdlSource</spirit:fileType>
				<spirit:logicalName>blk_mem_gen_v8_0</spirit:logicalName>
			</spirit:file>
			<spirit:file>
				<spirit:name>blk_mem_gen_v8_0/blk_mem_output_block.vhd</spirit:name>
				<spirit:fileType>vhdlSource</spirit:fileType>
				<spirit:logicalName>blk_mem_gen_v8_0</spirit:logicalName>
			</spirit:file>
			<spirit:file>
				<spirit:name>blk_mem_gen_v8_0/blk_mem_axi_read_fsm.vhd</spirit:name>
				<spirit:fileType>vhdlSource</spirit:fileType>
				<spirit:logicalName>blk_mem_gen_v8_0</spirit:logicalName>
			</spirit:file>
			<spirit:file>
				<spirit:name>blk_mem_gen_v8_0/blk_mem_axi_read_wrapper.vhd</spirit:name>
				<spirit:fileType>vhdlSource</spirit:fileType>
				<spirit:logicalName>blk_mem_gen_v8_0</spirit:logicalName>
			</spirit:file>
			<spirit:file>
				<spirit:name>blk_mem_gen_v8_0/blk_mem_axi_write_fsm.vhd</spirit:name>
				<spirit:fileType>vhdlSource</spirit:fileType>
				<spirit:logicalName>blk_mem_gen_v8_0</spirit:logicalName>
			</spirit:file>
			<spirit:file>
				<spirit:name>blk_mem_gen_v8_0/blk_mem_axi_write_wrapper.vhd</spirit:name>
				<spirit:fileType>vhdlSource</spirit:fileType>
				<spirit:logicalName>blk_mem_gen_v8_0</spirit:logicalName>
			</spirit:file>
			<spirit:file>
				<spirit:name>blk_mem_gen_v8_0/blk_mem_axi_regs_fwd.vhd</spirit:name>
				<spirit:fileType>vhdlSource</spirit:fileType>
				<spirit:logicalName>blk_mem_gen_v8_0</spirit:logicalName>
			</spirit:file>
			<spirit:file>
				<spirit:name>blk_mem_gen_v8_0/blk_mem_gen_top.vhd</spirit:name>
				<spirit:fileType>vhdlSource</spirit:fileType>
				<spirit:logicalName>blk_mem_gen_v8_0</spirit:logicalName>
			</spirit:file>
			<spirit:file>
				<spirit:name>blk_mem_gen_v8_0/blk_mem_gen_v8_0_synth.vhd</spirit:name>
				<spirit:fileType>vhdlSource</spirit:fileType>
				<spirit:logicalName>blk_mem_gen_v8_0</spirit:logicalName>
			</spirit:file>
			<spirit:file>
				<spirit:name>blk_mem_gen_v8_0/blk_mem_gen_v8_0.vhd</spirit:name>
				<spirit:fileType>vhdlSource</spirit:fileType>
				<spirit:logicalName>blk_mem_gen_v8_0</spirit:logicalName>
			</spirit:file>
			<spirit:file>
				<spirit:name>fifo_generator_v11_0/fifo_generator_v11_0_pkg.vhd</spirit:name>
				<spirit:fileType>vhdlSource</spirit:fileType>
				<spirit:logicalName>fifo_generator_v11_0</spirit:logicalName>
			</spirit:file>
			<spirit:file>
				<spirit:name>fifo_generator_v11_0/fifo_generator_v11_0_defaults.vhd</spirit:name>
				<spirit:fileType>vhdlSource</spirit:fileType>
				<spirit:logicalName>fifo_generator_v11_0</spirit:logicalName>
			</spirit:file>
			<spirit:file>
				<spirit:name>fifo_generator_v11_0/common/input_blk.vhd</spirit:name>
				<spirit:fileType>vhdlSource</spirit:fileType>
				<spirit:logicalName>fifo_generator_v11_0</spirit:logicalName>
			</spirit:file>
			<spirit:file>
				<spirit:name>fifo_generator_v11_0/common/output_blk.vhd</spirit:name>
				<spirit:fileType>vhdlSource</spirit:fileType>
				<spirit:logicalName>fifo_generator_v11_0</spirit:logicalName>
			</spirit:file>
			<spirit:file>
				<spirit:name>fifo_generator_v11_0/common/synchronizer_ff.vhd</spirit:name>
				<spirit:fileType>vhdlSource</spirit:fileType>
				<spirit:logicalName>fifo_generator_v11_0</spirit:logicalName>
			</spirit:file>
			<spirit:file>
				<spirit:name>fifo_generator_v11_0/common/shft_wrapper.vhd</spirit:name>
				<spirit:fileType>vhdlSource</spirit:fileType>
				<spirit:logicalName>fifo_generator_v11_0</spirit:logicalName>
			</spirit:file>
			<spirit:file>
				<spirit:name>fifo_generator_v11_0/common/shft_ram.vhd</spirit:name>
				<spirit:fileType>vhdlSource</spirit:fileType>
				<spirit:logicalName>fifo_generator_v11_0</spirit:logicalName>
			</spirit:file>
			<spirit:file>
				<spirit:name>fifo_generator_v11_0/ramfifo/dmem.vhd</spirit:name>
				<spirit:fileType>vhdlSource</spirit:fileType>
				<spirit:logicalName>fifo_generator_v11_0</spirit:logicalName>
			</spirit:file>
			<spirit:file>
				<spirit:name>fifo_generator_v11_0/ramfifo/memory.vhd</spirit:name>
				<spirit:fileType>vhdlSource</spirit:fileType>
				<spirit:logicalName>fifo_generator_v11_0</spirit:logicalName>
			</spirit:file>
			<spirit:file>
				<spirit:name>fifo_generator_v11_0/ramfifo/compare.vhd</spirit:name>
				<spirit:fileType>vhdlSource</spirit:fileType>
				<spirit:logicalName>fifo_generator_v11_0</spirit:logicalName>
			</spirit:file>
			<spirit:file>
				<spirit:name>fifo_generator_v11_0/ramfifo/wr_bin_cntr.vhd</spirit:name>
				<spirit:fileType>vhdlSource</spirit:fileType>
				<spirit:logicalName>fifo_generator_v11_0</spirit:logicalName>
			</spirit:file>
			<spirit:file>
				<spirit:name>fifo_generator_v11_0/ramfifo/rd_bin_cntr.vhd</spirit:name>
				<spirit:fileType>vhdlSource</spirit:fileType>
				<spirit:logicalName>fifo_generator_v11_0</spirit:logicalName>
			</spirit:file>
			<spirit:file>
				<spirit:name>fifo_generator_v11_0/ramfifo/updn_cntr.vhd</spirit:name>
				<spirit:fileType>vhdlSource</spirit:fileType>
				<spirit:logicalName>fifo_generator_v11_0</spirit:logicalName>
			</spirit:file>
			<spirit:file>
				<spirit:name>fifo_generator_v11_0/ramfifo/rd_status_flags_as.vhd</spirit:name>
				<spirit:fileType>vhdlSource</spirit:fileType>
				<spirit:logicalName>fifo_generator_v11_0</spirit:logicalName>
			</spirit:file>
			<spirit:file>
				<spirit:name>fifo_generator_v11_0/ramfifo/rd_status_flags_ss.vhd</spirit:name>
				<spirit:fileType>vhdlSource</spirit:fileType>
				<spirit:logicalName>fifo_generator_v11_0</spirit:logicalName>
			</spirit:file>
			<spirit:file>
				<spirit:name>fifo_generator_v11_0/common/rd_pe_as.vhd</spirit:name>
				<spirit:fileType>vhdlSource</spirit:fileType>
				<spirit:logicalName>fifo_generator_v11_0</spirit:logicalName>
			</spirit:file>
			<spirit:file>
				<spirit:name>fifo_generator_v11_0/common/rd_pe_ss.vhd</spirit:name>
				<spirit:fileType>vhdlSource</spirit:fileType>
				<spirit:logicalName>fifo_generator_v11_0</spirit:logicalName>
			</spirit:file>
			<spirit:file>
				<spirit:name>fifo_generator_v11_0/ramfifo/rd_handshaking_flags.vhd</spirit:name>
				<spirit:fileType>vhdlSource</spirit:fileType>
				<spirit:logicalName>fifo_generator_v11_0</spirit:logicalName>
			</spirit:file>
			<spirit:file>
				<spirit:name>fifo_generator_v11_0/ramfifo/rd_dc_as.vhd</spirit:name>
				<spirit:fileType>vhdlSource</spirit:fileType>
				<spirit:logicalName>fifo_generator_v11_0</spirit:logicalName>
			</spirit:file>
			<spirit:file>
				<spirit:name>fifo_generator_v11_0/ramfifo/rd_dc_fwft_ext_as.vhd</spirit:name>
				<spirit:fileType>vhdlSource</spirit:fileType>
				<spirit:logicalName>fifo_generator_v11_0</spirit:logicalName>
			</spirit:file>
			<spirit:file>
				<spirit:name>fifo_generator_v11_0/ramfifo/dc_ss.vhd</spirit:name>
				<spirit:fileType>vhdlSource</spirit:fileType>
				<spirit:logicalName>fifo_generator_v11_0</spirit:logicalName>
			</spirit:file>
			<spirit:file>
				<spirit:name>fifo_generator_v11_0/ramfifo/dc_ss_fwft.vhd</spirit:name>
				<spirit:fileType>vhdlSource</spirit:fileType>
				<spirit:logicalName>fifo_generator_v11_0</spirit:logicalName>
			</spirit:file>
			<spirit:file>
				<spirit:name>fifo_generator_v11_0/ramfifo/rd_fwft.vhd</spirit:name>
				<spirit:fileType>vhdlSource</spirit:fileType>
				<spirit:logicalName>fifo_generator_v11_0</spirit:logicalName>
			</spirit:file>
			<spirit:file>
				<spirit:name>fifo_generator_v11_0/ramfifo/rd_logic.vhd</spirit:name>
				<spirit:fileType>vhdlSource</spirit:fileType>
				<spirit:logicalName>fifo_generator_v11_0</spirit:logicalName>
			</spirit:file>
			<spirit:file>
				<spirit:name>fifo_generator_v11_0/ramfifo/rd_logic_pkt_fifo.vhd</spirit:name>
				<spirit:fileType>vhdlSource</spirit:fileType>
				<spirit:logicalName>fifo_generator_v11_0</spirit:logicalName>
			</spirit:file>
			<spirit:file>
				<spirit:name>fifo_generator_v11_0/ramfifo/reset_blk_ramfifo.vhd</spirit:name>
				<spirit:fileType>vhdlSource</spirit:fileType>
				<spirit:logicalName>fifo_generator_v11_0</spirit:logicalName>
			</spirit:file>
			<spirit:file>
				<spirit:name>fifo_generator_v11_0/ramfifo/clk_x_pntrs.vhd</spirit:name>
				<spirit:fileType>vhdlSource</spirit:fileType>
				<spirit:logicalName>fifo_generator_v11_0</spirit:logicalName>
			</spirit:file>
			<spirit:file>
				<spirit:name>fifo_generator_v11_0/ramfifo/wr_status_flags_as.vhd</spirit:name>
				<spirit:fileType>vhdlSource</spirit:fileType>
				<spirit:logicalName>fifo_generator_v11_0</spirit:logicalName>
			</spirit:file>
			<spirit:file>
				<spirit:name>fifo_generator_v11_0/ramfifo/wr_status_flags_ss.vhd</spirit:name>
				<spirit:fileType>vhdlSource</spirit:fileType>
				<spirit:logicalName>fifo_generator_v11_0</spirit:logicalName>
			</spirit:file>
			<spirit:file>
				<spirit:name>fifo_generator_v11_0/common/wr_pf_as.vhd</spirit:name>
				<spirit:fileType>vhdlSource</spirit:fileType>
				<spirit:logicalName>fifo_generator_v11_0</spirit:logicalName>
			</spirit:file>
			<spirit:file>
				<spirit:name>fifo_generator_v11_0/common/wr_pf_ss.vhd</spirit:name>
				<spirit:fileType>vhdlSource</spirit:fileType>
				<spirit:logicalName>fifo_generator_v11_0</spirit:logicalName>
			</spirit:file>
			<spirit:file>
				<spirit:name>fifo_generator_v11_0/ramfifo/wr_handshaking_flags.vhd</spirit:name>
				<spirit:fileType>vhdlSource</spirit:fileType>
				<spirit:logicalName>fifo_generator_v11_0</spirit:logicalName>
			</spirit:file>
			<spirit:file>
				<spirit:name>fifo_generator_v11_0/ramfifo/wr_dc_as.vhd</spirit:name>
				<spirit:fileType>vhdlSource</spirit:fileType>
				<spirit:logicalName>fifo_generator_v11_0</spirit:logicalName>
			</spirit:file>
			<spirit:file>
				<spirit:name>fifo_generator_v11_0/ramfifo/wr_dc_fwft_ext_as.vhd</spirit:name>
				<spirit:fileType>vhdlSource</spirit:fileType>
				<spirit:logicalName>fifo_generator_v11_0</spirit:logicalName>
			</spirit:file>
			<spirit:file>
				<spirit:name>fifo_generator_v11_0/ramfifo/wr_logic.vhd</spirit:name>
				<spirit:fileType>vhdlSource</spirit:fileType>
				<spirit:logicalName>fifo_generator_v11_0</spirit:logicalName>
			</spirit:file>
			<spirit:file>
				<spirit:name>fifo_generator_v11_0/ramfifo/wr_logic_pkt_fifo.vhd</spirit:name>
				<spirit:fileType>vhdlSource</spirit:fileType>
				<spirit:logicalName>fifo_generator_v11_0</spirit:logicalName>
			</spirit:file>
			<spirit:file>
				<spirit:name>fifo_generator_v11_0/ramfifo/wr_status_flags_sshft.vhd</spirit:name>
				<spirit:fileType>vhdlSource</spirit:fileType>
				<spirit:logicalName>fifo_generator_v11_0</spirit:logicalName>
			</spirit:file>
			<spirit:file>
				<spirit:name>fifo_generator_v11_0/ramfifo/rd_status_flags_sshft.vhd</spirit:name>
				<spirit:fileType>vhdlSource</spirit:fileType>
				<spirit:logicalName>fifo_generator_v11_0</spirit:logicalName>
			</spirit:file>
			<spirit:file>
				<spirit:name>fifo_generator_v11_0/ramfifo/wr_pf_sshft.vhd</spirit:name>
				<spirit:fileType>vhdlSource</spirit:fileType>
				<spirit:logicalName>fifo_generator_v11_0</spirit:logicalName>
			</spirit:file>
			<spirit:file>
				<spirit:name>fifo_generator_v11_0/ramfifo/rd_pe_sshft.vhd</spirit:name>
				<spirit:fileType>vhdlSource</spirit:fileType>
				<spirit:logicalName>fifo_generator_v11_0</spirit:logicalName>
			</spirit:file>
			<spirit:file>
				<spirit:name>fifo_generator_v11_0/ramfifo/logic_sshft.vhd</spirit:name>
				<spirit:fileType>vhdlSource</spirit:fileType>
				<spirit:logicalName>fifo_generator_v11_0</spirit:logicalName>
			</spirit:file>
			<spirit:file>
				<spirit:name>fifo_generator_v11_0/ramfifo/async_fifo.vhd</spirit:name>
				<spirit:fileType>vhdlSource</spirit:fileType>
				<spirit:logicalName>fifo_generator_v11_0</spirit:logicalName>
			</spirit:file>
			<spirit:file>
				<spirit:name>fifo_generator_v11_0/ramfifo/fifo_generator_ramfifo.vhd</spirit:name>
				<spirit:fileType>vhdlSource</spirit:fileType>
				<spirit:logicalName>fifo_generator_v11_0</spirit:logicalName>
			</spirit:file>
			<spirit:file>
				<spirit:name>fifo_generator_v11_0/builtin/fifo_generator_v11_0_comps_builtin.vhd</spirit:name>
				<spirit:fileType>vhdlSource</spirit:fileType>
				<spirit:logicalName>fifo_generator_v11_0</spirit:logicalName>
			</spirit:file>
			<spirit:file>
				<spirit:name>fifo_generator_v11_0/builtin/delay.vhd</spirit:name>
				<spirit:fileType>vhdlSource</spirit:fileType>
				<spirit:logicalName>fifo_generator_v11_0</spirit:logicalName>
			</spirit:file>
			<spirit:file>
				<spirit:name>fifo_generator_v11_0/builtin/clk_x_pntrs_builtin.vhd</spirit:name>
				<spirit:fileType>vhdlSource</spirit:fileType>
				<spirit:logicalName>fifo_generator_v11_0</spirit:logicalName>
			</spirit:file>
			<spirit:file>
				<spirit:name>fifo_generator_v11_0/builtin/bin_cntr.vhd</spirit:name>
				<spirit:fileType>vhdlSource</spirit:fileType>
				<spirit:logicalName>fifo_generator_v11_0</spirit:logicalName>
			</spirit:file>
			<spirit:file>
				<spirit:name>fifo_generator_v11_0/builtin/logic_builtin.vhd</spirit:name>
				<spirit:fileType>vhdlSource</spirit:fileType>
				<spirit:logicalName>fifo_generator_v11_0</spirit:logicalName>
			</spirit:file>
			<spirit:file>
				<spirit:name>fifo_generator_v11_0/builtin/reset_builtin.vhd</spirit:name>
				<spirit:fileType>vhdlSource</spirit:fileType>
				<spirit:logicalName>fifo_generator_v11_0</spirit:logicalName>
			</spirit:file>
			<spirit:file>
				<spirit:name>fifo_generator_v11_0/builtin/builtin_prim.vhd</spirit:name>
				<spirit:fileType>vhdlSource</spirit:fileType>
				<spirit:logicalName>fifo_generator_v11_0</spirit:logicalName>
			</spirit:file>
			<spirit:file>
				<spirit:name>fifo_generator_v11_0/builtin/builtin_extdepth.vhd</spirit:name>
				<spirit:fileType>vhdlSource</spirit:fileType>
				<spirit:logicalName>fifo_generator_v11_0</spirit:logicalName>
			</spirit:file>
			<spirit:file>
				<spirit:name>fifo_generator_v11_0/builtin/builtin_top.vhd</spirit:name>
				<spirit:fileType>vhdlSource</spirit:fileType>
				<spirit:logicalName>fifo_generator_v11_0</spirit:logicalName>
			</spirit:file>
			<spirit:file>
				<spirit:name>fifo_generator_v11_0/builtin/builtin_prim_v6.vhd</spirit:name>
				<spirit:fileType>vhdlSource</spirit:fileType>
				<spirit:logicalName>fifo_generator_v11_0</spirit:logicalName>
			</spirit:file>
			<spirit:file>
				<spirit:name>fifo_generator_v11_0/builtin/builtin_extdepth_v6.vhd</spirit:name>
				<spirit:fileType>vhdlSource</spirit:fileType>
				<spirit:logicalName>fifo_generator_v11_0</spirit:logicalName>
			</spirit:file>
			<spirit:file>
				<spirit:name>fifo_generator_v11_0/builtin/builtin_extdepth_low_latency.vhd</spirit:name>
				<spirit:fileType>vhdlSource</spirit:fileType>
				<spirit:logicalName>fifo_generator_v11_0</spirit:logicalName>
			</spirit:file>
			<spirit:file>
				<spirit:name>fifo_generator_v11_0/builtin/builtin_top_v6.vhd</spirit:name>
				<spirit:fileType>vhdlSource</spirit:fileType>
				<spirit:logicalName>fifo_generator_v11_0</spirit:logicalName>
			</spirit:file>
			<spirit:file>
				<spirit:name>fifo_generator_v11_0/builtin/fifo_generator_v11_0_builtin.vhd</spirit:name>
				<spirit:fileType>vhdlSource</spirit:fileType>
				<spirit:logicalName>fifo_generator_v11_0</spirit:logicalName>
			</spirit:file>
			<spirit:file>
				<spirit:name>fifo_generator_v11_0/fifo_generator_top.vhd</spirit:name>
				<spirit:fileType>vhdlSource</spirit:fileType>
				<spirit:logicalName>fifo_generator_v11_0</spirit:logicalName>
			</spirit:file>
			<spirit:file>
				<spirit:name>fifo_generator_v11_0/ramfifo/axi_reg_slice.vhd</spirit:name>
				<spirit:fileType>vhdlSource</spirit:fileType>
				<spirit:logicalName>fifo_generator_v11_0</spirit:logicalName>
			</spirit:file>
			<spirit:file>
				<spirit:name>fifo_generator_v11_0/fifo_generator_v11_0_synth.vhd</spirit:name>
				<spirit:fileType>vhdlSource</spirit:fileType>
				<spirit:logicalName>fifo_generator_v11_0</spirit:logicalName>
			</spirit:file>
			<spirit:file>
				<spirit:name>fifo_generator_v11_0/fifo_generator_v11_0.vhd</spirit:name>
				<spirit:fileType>vhdlSource</spirit:fileType>
				<spirit:logicalName>fifo_generator_v11_0</spirit:logicalName>
			</spirit:file>
			<spirit:file>
				<spirit:name>proc_common_v4_0/hdl/src/vhdl/family.vhd</spirit:name>
				<spirit:fileType>vhdlSource</spirit:fileType>
				<spirit:logicalName>proc_common_v4_0</spirit:logicalName>
			</spirit:file>
			<spirit:file>
				<spirit:name>proc_common_v4_0/hdl/src/vhdl/family_support.vhd</spirit:name>
				<spirit:fileType>vhdlSource</spirit:fileType>
				<spirit:logicalName>proc_common_v4_0</spirit:logicalName>
			</spirit:file>
			<spirit:file>
				<spirit:name>proc_common_v4_0/hdl/src/vhdl/coregen_comp_defs.vhd</spirit:name>
				<spirit:fileType>vhdlSource</spirit:fileType>
				<spirit:logicalName>proc_common_v4_0</spirit:logicalName>
			</spirit:file>
			<spirit:file>
				<spirit:name>proc_common_v4_0/hdl/src/vhdl/common_types_pkg.vhd</spirit:name>
				<spirit:fileType>vhdlSource</spirit:fileType>
				<spirit:logicalName>proc_common_v4_0</spirit:logicalName>
			</spirit:file>
			<spirit:file>
				<spirit:name>proc_common_v4_0/hdl/src/vhdl/proc_common_pkg.vhd</spirit:name>
				<spirit:fileType>vhdlSource</spirit:fileType>
				<spirit:logicalName>proc_common_v4_0</spirit:logicalName>
			</spirit:file>
			<spirit:file>
				<spirit:name>proc_common_v4_0/hdl/src/vhdl/conv_funs_pkg.vhd</spirit:name>
				<spirit:fileType>vhdlSource</spirit:fileType>
				<spirit:logicalName>proc_common_v4_0</spirit:logicalName>
			</spirit:file>
			<spirit:file>
				<spirit:name>proc_common_v4_0/hdl/src/vhdl/ipif_pkg.vhd</spirit:name>
				<spirit:fileType>vhdlSource</spirit:fileType>
				<spirit:logicalName>proc_common_v4_0</spirit:logicalName>
			</spirit:file>
			<spirit:file>
				<spirit:name>proc_common_v4_0/hdl/src/vhdl/async_fifo_fg.vhd</spirit:name>
				<spirit:fileType>vhdlSource</spirit:fileType>
				<spirit:logicalName>proc_common_v4_0</spirit:logicalName>
			</spirit:file>
			<spirit:file>
				<spirit:name>proc_common_v4_0/hdl/src/vhdl/sync_fifo_fg.vhd</spirit:name>
				<spirit:fileType>vhdlSource</spirit:fileType>
				<spirit:logicalName>proc_common_v4_0</spirit:logicalName>
			</spirit:file>
			<spirit:file>
				<spirit:name>proc_common_v4_0/hdl/src/vhdl/basic_sfifo_fg.vhd</spirit:name>
				<spirit:fileType>vhdlSource</spirit:fileType>
				<spirit:logicalName>proc_common_v4_0</spirit:logicalName>
			</spirit:file>
			<spirit:file>
				<spirit:name>proc_common_v4_0/hdl/src/vhdl/blk_mem_gen_wrapper.vhd</spirit:name>
				<spirit:fileType>vhdlSource</spirit:fileType>
				<spirit:logicalName>proc_common_v4_0</spirit:logicalName>
			</spirit:file>
			<spirit:file>
				<spirit:name>proc_common_v4_0/hdl/src/vhdl/addsub.vhd</spirit:name>
				<spirit:fileType>vhdlSource</spirit:fileType>
				<spirit:logicalName>proc_common_v4_0</spirit:logicalName>
			</spirit:file>
			<spirit:file>
				<spirit:name>proc_common_v4_0/hdl/src/vhdl/counter_bit.vhd</spirit:name>
				<spirit:fileType>vhdlSource</spirit:fileType>
				<spirit:logicalName>proc_common_v4_0</spirit:logicalName>
			</spirit:file>
			<spirit:file>
				<spirit:name>proc_common_v4_0/hdl/src/vhdl/counter.vhd</spirit:name>
				<spirit:fileType>vhdlSource</spirit:fileType>
				<spirit:logicalName>proc_common_v4_0</spirit:logicalName>
			</spirit:file>
			<spirit:file>
				<spirit:name>proc_common_v4_0/hdl/src/vhdl/direct_path_cntr.vhd</spirit:name>
				<spirit:fileType>vhdlSource</spirit:fileType>
				<spirit:logicalName>proc_common_v4_0</spirit:logicalName>
			</spirit:file>
			<spirit:file>
				<spirit:name>proc_common_v4_0/hdl/src/vhdl/direct_path_cntr_ai.vhd</spirit:name>
				<spirit:fileType>vhdlSource</spirit:fileType>
				<spirit:logicalName>proc_common_v4_0</spirit:logicalName>
			</spirit:file>
			<spirit:file>
				<spirit:name>proc_common_v4_0/hdl/src/vhdl/down_counter.vhd</spirit:name>
				<spirit:fileType>vhdlSource</spirit:fileType>
				<spirit:logicalName>proc_common_v4_0</spirit:logicalName>
			</spirit:file>
			<spirit:file>
				<spirit:name>proc_common_v4_0/hdl/src/vhdl/eval_timer.vhd</spirit:name>
				<spirit:fileType>vhdlSource</spirit:fileType>
				<spirit:logicalName>proc_common_v4_0</spirit:logicalName>
			</spirit:file>
			<spirit:file>
				<spirit:name>proc_common_v4_0/hdl/src/vhdl/inferred_lut4.vhd</spirit:name>
				<spirit:fileType>vhdlSource</spirit:fileType>
				<spirit:logicalName>proc_common_v4_0</spirit:logicalName>
			</spirit:file>
			<spirit:file>
				<spirit:name>proc_common_v4_0/hdl/src/vhdl/ipif_steer.vhd</spirit:name>
				<spirit:fileType>vhdlSource</spirit:fileType>
				<spirit:logicalName>proc_common_v4_0</spirit:logicalName>
			</spirit:file>
			<spirit:file>
				<spirit:name>proc_common_v4_0/hdl/src/vhdl/ipif_steer128.vhd</spirit:name>
				<spirit:fileType>vhdlSource</spirit:fileType>
				<spirit:logicalName>proc_common_v4_0</spirit:logicalName>
			</spirit:file>
			<spirit:file>
				<spirit:name>proc_common_v4_0/hdl/src/vhdl/ipif_mirror128.vhd</spirit:name>
				<spirit:fileType>vhdlSource</spirit:fileType>
				<spirit:logicalName>proc_common_v4_0</spirit:logicalName>
			</spirit:file>
			<spirit:file>
				<spirit:name>proc_common_v4_0/hdl/src/vhdl/ld_arith_reg.vhd</spirit:name>
				<spirit:fileType>vhdlSource</spirit:fileType>
				<spirit:logicalName>proc_common_v4_0</spirit:logicalName>
			</spirit:file>
			<spirit:file>
				<spirit:name>proc_common_v4_0/hdl/src/vhdl/ld_arith_reg2.vhd</spirit:name>
				<spirit:fileType>vhdlSource</spirit:fileType>
				<spirit:logicalName>proc_common_v4_0</spirit:logicalName>
			</spirit:file>
			<spirit:file>
				<spirit:name>proc_common_v4_0/hdl/src/vhdl/mux_onehot.vhd</spirit:name>
				<spirit:fileType>vhdlSource</spirit:fileType>
				<spirit:logicalName>proc_common_v4_0</spirit:logicalName>
			</spirit:file>
			<spirit:file>
				<spirit:name>proc_common_v4_0/hdl/src/vhdl/or_bits.vhd</spirit:name>
				<spirit:fileType>vhdlSource</spirit:fileType>
				<spirit:logicalName>proc_common_v4_0</spirit:logicalName>
			</spirit:file>
			<spirit:file>
				<spirit:name>proc_common_v4_0/hdl/src/vhdl/or_muxcy.vhd</spirit:name>
				<spirit:fileType>vhdlSource</spirit:fileType>
				<spirit:logicalName>proc_common_v4_0</spirit:logicalName>
			</spirit:file>
			<spirit:file>
				<spirit:name>proc_common_v4_0/hdl/src/vhdl/or_gate.vhd</spirit:name>
				<spirit:fileType>vhdlSource</spirit:fileType>
				<spirit:logicalName>proc_common_v4_0</spirit:logicalName>
			</spirit:file>
			<spirit:file>
				<spirit:name>proc_common_v4_0/hdl/src/vhdl/or_gate128.vhd</spirit:name>
				<spirit:fileType>vhdlSource</spirit:fileType>
				<spirit:logicalName>proc_common_v4_0</spirit:logicalName>
			</spirit:file>
			<spirit:file>
				<spirit:name>proc_common_v4_0/hdl/src/vhdl/pf_adder_bit.vhd</spirit:name>
				<spirit:fileType>vhdlSource</spirit:fileType>
				<spirit:logicalName>proc_common_v4_0</spirit:logicalName>
			</spirit:file>
			<spirit:file>
				<spirit:name>proc_common_v4_0/hdl/src/vhdl/pf_adder.vhd</spirit:name>
				<spirit:fileType>vhdlSource</spirit:fileType>
				<spirit:logicalName>proc_common_v4_0</spirit:logicalName>
			</spirit:file>
			<spirit:file>
				<spirit:name>proc_common_v4_0/hdl/src/vhdl/pf_counter_bit.vhd</spirit:name>
				<spirit:fileType>vhdlSource</spirit:fileType>
				<spirit:logicalName>proc_common_v4_0</spirit:logicalName>
			</spirit:file>
			<spirit:file>
				<spirit:name>proc_common_v4_0/hdl/src/vhdl/pf_counter.vhd</spirit:name>
				<spirit:fileType>vhdlSource</spirit:fileType>
				<spirit:logicalName>proc_common_v4_0</spirit:logicalName>
			</spirit:file>
			<spirit:file>
				<spirit:name>proc_common_v4_0/hdl/src/vhdl/pf_counter_top.vhd</spirit:name>
				<spirit:fileType>vhdlSource</spirit:fileType>
				<spirit:logicalName>proc_common_v4_0</spirit:logicalName>
			</spirit:file>
			<spirit:file>
				<spirit:name>proc_common_v4_0/hdl/src/vhdl/pf_occ_counter.vhd</spirit:name>
				<spirit:fileType>vhdlSource</spirit:fileType>
				<spirit:logicalName>proc_common_v4_0</spirit:logicalName>
			</spirit:file>
			<spirit:file>
				<spirit:name>proc_common_v4_0/hdl/src/vhdl/pf_occ_counter_top.vhd</spirit:name>
				<spirit:fileType>vhdlSource</spirit:fileType>
				<spirit:logicalName>proc_common_v4_0</spirit:logicalName>
			</spirit:file>
			<spirit:file>
				<spirit:name>proc_common_v4_0/hdl/src/vhdl/pf_dpram_select.vhd</spirit:name>
				<spirit:fileType>vhdlSource</spirit:fileType>
				<spirit:logicalName>proc_common_v4_0</spirit:logicalName>
			</spirit:file>
			<spirit:file>
				<spirit:name>proc_common_v4_0/hdl/src/vhdl/pselect.vhd</spirit:name>
				<spirit:fileType>vhdlSource</spirit:fileType>
				<spirit:logicalName>proc_common_v4_0</spirit:logicalName>
			</spirit:file>
			<spirit:file>
				<spirit:name>proc_common_v4_0/hdl/src/vhdl/pselect_mask.vhd</spirit:name>
				<spirit:fileType>vhdlSource</spirit:fileType>
				<spirit:logicalName>proc_common_v4_0</spirit:logicalName>
			</spirit:file>
			<spirit:file>
				<spirit:name>proc_common_v4_0/hdl/src/vhdl/srl16_fifo.vhd</spirit:name>
				<spirit:fileType>vhdlSource</spirit:fileType>
				<spirit:logicalName>proc_common_v4_0</spirit:logicalName>
			</spirit:file>
			<spirit:file>
				<spirit:name>proc_common_v4_0/hdl/src/vhdl/srl_fifo.vhd</spirit:name>
				<spirit:fileType>vhdlSource</spirit:fileType>
				<spirit:logicalName>proc_common_v4_0</spirit:logicalName>
			</spirit:file>
			<spirit:file>
				<spirit:name>proc_common_v4_0/hdl/src/vhdl/srl_fifo2.vhd</spirit:name>
				<spirit:fileType>vhdlSource</spirit:fileType>
				<spirit:logicalName>proc_common_v4_0</spirit:logicalName>
			</spirit:file>
			<spirit:file>
				<spirit:name>proc_common_v4_0/hdl/src/vhdl/srl_fifo3.vhd</spirit:name>
				<spirit:fileType>vhdlSource</spirit:fileType>
				<spirit:logicalName>proc_common_v4_0</spirit:logicalName>
			</spirit:file>
			<spirit:file>
				<spirit:name>proc_common_v4_0/hdl/src/vhdl/srl_fifo_rbu.vhd</spirit:name>
				<spirit:fileType>vhdlSource</spirit:fileType>
				<spirit:logicalName>proc_common_v4_0</spirit:logicalName>
			</spirit:file>
			<spirit:file>
				<spirit:name>proc_common_v4_0/hdl/src/vhdl/valid_be.vhd</spirit:name>
				<spirit:fileType>vhdlSource</spirit:fileType>
				<spirit:logicalName>proc_common_v4_0</spirit:logicalName>
			</spirit:file>
			<spirit:file>
				<spirit:name>proc_common_v4_0/hdl/src/vhdl/or_with_enable_f.vhd</spirit:name>
				<spirit:fileType>vhdlSource</spirit:fileType>
				<spirit:logicalName>proc_common_v4_0</spirit:logicalName>
			</spirit:file>
			<spirit:file>
				<spirit:name>proc_common_v4_0/hdl/src/vhdl/muxf_struct_f.vhd</spirit:name>
				<spirit:fileType>vhdlSource</spirit:fileType>
				<spirit:logicalName>proc_common_v4_0</spirit:logicalName>
			</spirit:file>
			<spirit:file>
				<spirit:name>proc_common_v4_0/hdl/src/vhdl/cntr_incr_decr_addn_f.vhd</spirit:name>
				<spirit:fileType>vhdlSource</spirit:fileType>
				<spirit:logicalName>proc_common_v4_0</spirit:logicalName>
			</spirit:file>
			<spirit:file>
				<spirit:name>proc_common_v4_0/hdl/src/vhdl/dynshreg_f.vhd</spirit:name>
				<spirit:fileType>vhdlSource</spirit:fileType>
				<spirit:logicalName>proc_common_v4_0</spirit:logicalName>
			</spirit:file>
			<spirit:file>
				<spirit:name>proc_common_v4_0/hdl/src/vhdl/dynshreg_i_f.vhd</spirit:name>
				<spirit:fileType>vhdlSource</spirit:fileType>
				<spirit:logicalName>proc_common_v4_0</spirit:logicalName>
			</spirit:file>
			<spirit:file>
				<spirit:name>proc_common_v4_0/hdl/src/vhdl/mux_onehot_f.vhd</spirit:name>
				<spirit:fileType>vhdlSource</spirit:fileType>
				<spirit:logicalName>proc_common_v4_0</spirit:logicalName>
			</spirit:file>
			<spirit:file>
				<spirit:name>proc_common_v4_0/hdl/src/vhdl/srl_fifo_rbu_f.vhd</spirit:name>
				<spirit:fileType>vhdlSource</spirit:fileType>
				<spirit:logicalName>proc_common_v4_0</spirit:logicalName>
			</spirit:file>
			<spirit:file>
				<spirit:name>proc_common_v4_0/hdl/src/vhdl/srl_fifo_f.vhd</spirit:name>
				<spirit:fileType>vhdlSource</spirit:fileType>
				<spirit:logicalName>proc_common_v4_0</spirit:logicalName>
			</spirit:file>
			<spirit:file>
				<spirit:name>proc_common_v4_0/hdl/src/vhdl/compare_vectors_f.vhd</spirit:name>
				<spirit:fileType>vhdlSource</spirit:fileType>
				<spirit:logicalName>proc_common_v4_0</spirit:logicalName>
			</spirit:file>
			<spirit:file>
				<spirit:name>proc_common_v4_0/hdl/src/vhdl/pselect_f.vhd</spirit:name>
				<spirit:fileType>vhdlSource</spirit:fileType>
				<spirit:logicalName>proc_common_v4_0</spirit:logicalName>
			</spirit:file>
			<spirit:file>
				<spirit:name>proc_common_v4_0/hdl/src/vhdl/counter_f.vhd</spirit:name>
				<spirit:fileType>vhdlSource</spirit:fileType>
				<spirit:logicalName>proc_common_v4_0</spirit:logicalName>
			</spirit:file>
			<spirit:file>
				<spirit:name>proc_common_v4_0/hdl/src/vhdl/or_muxcy_f.vhd</spirit:name>
				<spirit:fileType>vhdlSource</spirit:fileType>
				<spirit:logicalName>proc_common_v4_0</spirit:logicalName>
			</spirit:file>
			<spirit:file>
				<spirit:name>proc_common_v4_0/hdl/src/vhdl/or_gate_f.vhd</spirit:name>
				<spirit:fileType>vhdlSource</spirit:fileType>
				<spirit:logicalName>proc_common_v4_0</spirit:logicalName>
			</spirit:file>
			<spirit:file>
				<spirit:name>proc_common_v4_0/hdl/src/vhdl/soft_reset.vhd</spirit:name>
				<spirit:fileType>vhdlSource</spirit:fileType>
				<spirit:logicalName>proc_common_v4_0</spirit:logicalName>
			</spirit:file>
			<spirit:file>
				<spirit:name>proc_common_v4_0/hdl/src/vhdl/cdc_sync.vhd</spirit:name>
				<spirit:fileType>vhdlSource</spirit:fileType>
				<spirit:logicalName>proc_common_v4_0</spirit:logicalName>
			</spirit:file>
			<spirit:file>
				<spirit:name>axi_lite_ipif_v2_0/hdl/src/vhdl/address_decoder.vhd</spirit:name>
				<spirit:fileType>vhdlSource</spirit:fileType>
				<spirit:logicalName>axi_lite_ipif_v2_0</spirit:logicalName>
			</spirit:file>
			<spirit:file>
				<spirit:name>axi_lite_ipif_v2_0/hdl/src/vhdl/slave_attachment.vhd</spirit:name>
				<spirit:fileType>vhdlSource</spirit:fileType>
				<spirit:logicalName>axi_lite_ipif_v2_0</spirit:logicalName>
			</spirit:file>
			<spirit:file>
				<spirit:name>axi_lite_ipif_v2_0/hdl/src/vhdl/axi_lite_ipif.vhd</spirit:name>
				<spirit:fileType>vhdlSource</spirit:fileType>
				<spirit:logicalName>axi_lite_ipif_v2_0</spirit:logicalName>
			</spirit:file>
			<spirit:file>
				<spirit:name>interrupt_control_v3_0/hdl/src/vhdl/interrupt_control.vhd</spirit:name>
				<spirit:fileType>vhdlSource</spirit:fileType>
				<spirit:logicalName>interrupt_control_v3_0</spirit:logicalName>
			</spirit:file>
			<spirit:file>
				<spirit:name>axi_iic_v2_0/hdl/src/vhdl/upcnt_n.vhd</spirit:name>
				<spirit:fileType>vhdlSource</spirit:fileType>
				<spirit:logicalName>axi_iic_v2_0</spirit:logicalName>
			</spirit:file>
			<spirit:file>
				<spirit:name>axi_iic_v2_0/hdl/src/vhdl/shift8.vhd</spirit:name>
				<spirit:fileType>vhdlSource</spirit:fileType>
				<spirit:logicalName>axi_iic_v2_0</spirit:logicalName>
			</spirit:file>
			<spirit:file>
				<spirit:name>axi_iic_v2_0/hdl/src/vhdl/iic_pkg.vhd</spirit:name>
				<spirit:fileType>vhdlSource</spirit:fileType>
				<spirit:logicalName>axi_iic_v2_0</spirit:logicalName>
			</spirit:file>
			<spirit:file>
				<spirit:name>axi_iic_v2_0/hdl/src/vhdl/debounce.vhd</spirit:name>
				<spirit:fileType>vhdlSource</spirit:fileType>
				<spirit:logicalName>axi_iic_v2_0</spirit:logicalName>
			</spirit:file>
			<spirit:file>
				<spirit:name>axi_iic_v2_0/hdl/src/vhdl/reg_interface.vhd</spirit:name>
				<spirit:fileType>vhdlSource</spirit:fileType>
				<spirit:logicalName>axi_iic_v2_0</spirit:logicalName>
			</spirit:file>
			<spirit:file>
				<spirit:name>axi_iic_v2_0/hdl/src/vhdl/iic_control.vhd</spirit:name>
				<spirit:fileType>vhdlSource</spirit:fileType>
				<spirit:logicalName>axi_iic_v2_0</spirit:logicalName>
			</spirit:file>
			<spirit:file>
				<spirit:name>axi_iic_v2_0/hdl/src/vhdl/filter.vhd</spirit:name>
				<spirit:fileType>vhdlSource</spirit:fileType>
				<spirit:logicalName>axi_iic_v2_0</spirit:logicalName>
			</spirit:file>
			<spirit:file>
				<spirit:name>axi_iic_v2_0/hdl/src/vhdl/dynamic_master.vhd</spirit:name>
				<spirit:fileType>vhdlSource</spirit:fileType>
				<spirit:logicalName>axi_iic_v2_0</spirit:logicalName>
			</spirit:file>
			<spirit:file>
				<spirit:name>axi_iic_v2_0/hdl/src/vhdl/axi_ipif_ssp1.vhd</spirit:name>
				<spirit:fileType>vhdlSource</spirit:fileType>
				<spirit:logicalName>axi_iic_v2_0</spirit:logicalName>
			</spirit:file>
			<spirit:file>
				<spirit:name>axi_iic_v2_0/hdl/src/vhdl/iic.vhd</spirit:name>
				<spirit:fileType>vhdlSource</spirit:fileType>
				<spirit:logicalName>axi_iic_v2_0</spirit:logicalName>
			</spirit:file>
			<spirit:file>
				<spirit:name>axi_iic_v2_0/hdl/src/vhdl/axi_iic.vhd</spirit:name>
				<spirit:fileType>vhdlSource</spirit:fileType>
				<spirit:logicalName>axi_iic_v2_0</spirit:logicalName>
			</spirit:file>
			<spirit:file>
				<spirit:name>MainDesign_axi_iic_0_0_ooc.xdc</spirit:name>
				<spirit:userFileType>xdc</spirit:userFileType>
				<spirit:userFileType>USED_IN_out_of_context</spirit:userFileType>
				<spirit:userFileType>USED_IN_synthesis</spirit:userFileType>
				<spirit:userFileType>USED_IN_implementation</spirit:userFileType>
			</spirit:file>
			<spirit:file>
				<spirit:name>synth/MainDesign_axi_iic_0_0.vhd</spirit:name>
				<spirit:fileType>vhdlSource</spirit:fileType>
				<spirit:logicalName>work</spirit:logicalName>
			</spirit:file>
		</spirit:fileSet>
		<spirit:fileSet>
			<spirit:name>xilinx_implementation_view_fileset</spirit:name>
			<spirit:file>
				<spirit:name>MainDesign_axi_iic_0_0_board.xdc</spirit:name>
				<spirit:userFileType>xdc</spirit:userFileType>
				<spirit:userFileType>USED_IN_synthesis</spirit:userFileType>
				<spirit:userFileType>USED_IN_implementation</spirit:userFileType>
				<spirit:userFileType>USED_IN_board</spirit:userFileType>
			</spirit:file>
		</spirit:fileSet>
	</spirit:fileSets>
	<spirit:description>AXI IIC controller</spirit:description>
	<spirit:parameters>
		<spirit:parameter>
			<spirit:name>C_SDA_LEVEL</spirit:name>
			<spirit:displayName>Active state of SDA</spirit:displayName>
			<spirit:description>This parameter is used during transmit throttling when the AXI IIC acts as master transmitter.</spirit:description>
			<spirit:value spirit:format="long"
					spirit:resolve="user"
					spirit:id="PARAM_VALUE.C_SDA_LEVEL"
					spirit:order="1200"
					spirit:minimum="0"
					spirit:maximum="1">1</spirit:value>
			<spirit:vendorExtensions>
				<xilinx:parameterInfo>
					<xilinx:enablement>
						<xilinx:presence>optional</xilinx:presence>
						<xilinx:isEnabled xilinx:resolve="dependent">true</xilinx:isEnabled>
					</xilinx:enablement>
				</xilinx:parameterInfo>
			</spirit:vendorExtensions>
		</spirit:parameter>
		<spirit:parameter>
			<spirit:name>Component_Name</spirit:name>
			<spirit:value spirit:resolve="user"
					spirit:id="PARAM_VALUE.Component_Name"
					spirit:order="1">MainDesign_axi_iic_0_0</spirit:value>
			<spirit:vendorExtensions>
				<xilinx:parameterInfo>
					<xilinx:enablement>
						<xilinx:presence>optional</xilinx:presence>
						<xilinx:isEnabled xilinx:resolve="dependent">true</xilinx:isEnabled>
					</xilinx:enablement>
				</xilinx:parameterInfo>
			</spirit:vendorExtensions>
		</spirit:parameter>
		<spirit:parameter>
			<spirit:name>TEN_BIT_ADR</spirit:name>
			<spirit:displayName>Address mode</spirit:displayName>
			<spirit:description>This parameter enables or disables the 10-bit addressing mode. Logic resource savings result when 10-bit addressing is disabled</spirit:description>
			<spirit:value spirit:resolve="user"
					spirit:id="PARAM_VALUE.TEN_BIT_ADR"
					spirit:choiceRef="choices_0"
					spirit:order="1150">7_bit</spirit:value>
			<spirit:vendorExtensions>
				<xilinx:parameterInfo>
					<xilinx:enablement>
						<xilinx:presence>optional</xilinx:presence>
						<xilinx:isEnabled xilinx:resolve="dependent">true</xilinx:isEnabled>
					</xilinx:enablement>
				</xilinx:parameterInfo>
			</spirit:vendorExtensions>
		</spirit:parameter>
		<spirit:parameter>
			<spirit:name>AXI_ACLK_FREQ_MHZ</spirit:name>
			<spirit:displayName>AXI Clock Frequency (in MHz)</spirit:displayName>
			<spirit:description>This parameter specifies (but does not set) the frequency of the AXI4-Lite interface.</spirit:description>
			<spirit:value spirit:format="float"
					spirit:resolve="user"
					spirit:id="PARAM_VALUE.AXI_ACLK_FREQ_MHZ"
					spirit:order="1180"
					spirit:minimum="25.0"
					spirit:maximum="300.0">76</spirit:value>
			<spirit:vendorExtensions>
				<xilinx:parameterInfo>
					<xilinx:enablement>
						<xilinx:presence>optional</xilinx:presence>
						<xilinx:isEnabled xilinx:resolve="dependent">true</xilinx:isEnabled>
					</xilinx:enablement>
				</xilinx:parameterInfo>
			</spirit:vendorExtensions>
		</spirit:parameter>
		<spirit:parameter>
			<spirit:name>C_GPO_WIDTH</spirit:name>
			<spirit:displayName>General Purpose Output width</spirit:displayName>
			<spirit:description>This parameter sets the width of the general purpose output vector. If the user does not connect anything to this port, then logic optimization removes any resources associated with it.</spirit:description>
			<spirit:value spirit:format="long"
					spirit:resolve="user"
					spirit:id="PARAM_VALUE.C_GPO_WIDTH"
					spirit:order="1120"
					spirit:minimum="1"
					spirit:maximum="8">1</spirit:value>
			<spirit:vendorExtensions>
				<xilinx:parameterInfo>
					<xilinx:enablement>
						<xilinx:presence>optional</xilinx:presence>
						<xilinx:isEnabled xilinx:resolve="dependent">true</xilinx:isEnabled>
					</xilinx:enablement>
				</xilinx:parameterInfo>
			</spirit:vendorExtensions>
		</spirit:parameter>
		<spirit:parameter>
			<spirit:name>C_SCL_INERTIAL_DELAY</spirit:name>
			<spirit:displayName>SCL Inertial delay (in AXI clocks)</spirit:displayName>
			<spirit:description>This parameter specifies the number of S_AXI_ACLK cycles used to define the width of the pulse rejection on SCL signals</spirit:description>
			<spirit:value spirit:format="long"
					spirit:resolve="user"
					spirit:id="PARAM_VALUE.C_SCL_INERTIAL_DELAY"
					spirit:order="1140"
					spirit:minimum="0"
					spirit:maximum="255">0</spirit:value>
			<spirit:vendorExtensions>
				<xilinx:parameterInfo>
					<xilinx:enablement>
						<xilinx:presence>optional</xilinx:presence>
						<xilinx:isEnabled xilinx:resolve="dependent">true</xilinx:isEnabled>
					</xilinx:enablement>
				</xilinx:parameterInfo>
			</spirit:vendorExtensions>
		</spirit:parameter>
		<spirit:parameter>
			<spirit:name>C_SDA_INERTIAL_DELAY</spirit:name>
			<spirit:displayName>SDA Inertial delay (in AXI clocks)</spirit:displayName>
			<spirit:description>This parameter specify the number of S_AXI_ACLK cycles used to define the width of the pulse rejection on SDA signals</spirit:description>
			<spirit:value spirit:format="long"
					spirit:resolve="user"
					spirit:id="PARAM_VALUE.C_SDA_INERTIAL_DELAY"
					spirit:order="1160"
					spirit:minimum="0"
					spirit:maximum="255">0</spirit:value>
			<spirit:vendorExtensions>
				<xilinx:parameterInfo>
					<xilinx:enablement>
						<xilinx:presence>optional</xilinx:presence>
						<xilinx:isEnabled xilinx:resolve="dependent">true</xilinx:isEnabled>
					</xilinx:enablement>
				</xilinx:parameterInfo>
			</spirit:vendorExtensions>
		</spirit:parameter>
		<spirit:parameter>
			<spirit:name>IIC_FREQ_KHZ</spirit:name>
			<spirit:displayName>SCL Clock Frequency (in KHz)</spirit:displayName>
			<spirit:description>This parameter determines the approximate frequency of the master mode generated SCL clock signal (Hz)</spirit:description>
			<spirit:value spirit:format="float"
					spirit:resolve="user"
					spirit:id="PARAM_VALUE.IIC_FREQ_KHZ"
					spirit:order="1100"
					spirit:minimum="1.0"
					spirit:maximum="1000.0">100</spirit:value>
			<spirit:vendorExtensions>
				<xilinx:parameterInfo>
					<xilinx:enablement>
						<xilinx:presence>optional</xilinx:presence>
						<xilinx:isEnabled xilinx:resolve="dependent">true</xilinx:isEnabled>
					</xilinx:enablement>
				</xilinx:parameterInfo>
			</spirit:vendorExtensions>
		</spirit:parameter>
		<spirit:parameter>
			<spirit:name>USE_BOARD_FLOW</spirit:name>
			<spirit:displayName>Generate Board based IO Constraints</spirit:displayName>
			<spirit:value spirit:format="bool"
					spirit:resolve="user"
					spirit:id="PARAM_VALUE.USE_BOARD_FLOW"
					spirit:order="1000">false</spirit:value>
			<spirit:vendorExtensions>
				<xilinx:parameterInfo>
					<xilinx:enablement>
						<xilinx:presence>optional</xilinx:presence>
						<xilinx:isEnabled xilinx:resolve="dependent">true</xilinx:isEnabled>
					</xilinx:enablement>
				</xilinx:parameterInfo>
			</spirit:vendorExtensions>
		</spirit:parameter>
		<spirit:parameter>
			<spirit:name>IIC_BOARD_INTERFACE</spirit:name>
			<spirit:displayName>IIC Board Interface</spirit:displayName>
			<spirit:value spirit:resolve="user"
					spirit:id="PARAM_VALUE.IIC_BOARD_INTERFACE"
					spirit:choiceRef="choices_1"
					spirit:order="1001">Custom</spirit:value>
			<spirit:vendorExtensions>
				<xilinx:parameterInfo>
					<xilinx:enablement>
						<xilinx:presence>optional</xilinx:presence>
						<xilinx:isEnabled xilinx:resolve="dependent">false</xilinx:isEnabled>
					</xilinx:enablement>
				</xilinx:parameterInfo>
			</spirit:vendorExtensions>
		</spirit:parameter>
	</spirit:parameters>
	<spirit:vendorExtensions>
		<xilinx:coreExtensions>
			<xilinx:supportedFamilies>
				<xilinx:family xilinx:lifeCycle="Production">aartix7</xilinx:family>
				<xilinx:family xilinx:lifeCycle="Production">artix7</xilinx:family>
				<xilinx:family xilinx:lifeCycle="Production">artix7l</xilinx:family>
				<xilinx:family xilinx:lifeCycle="Production">azynq</xilinx:family>
				<xilinx:family xilinx:lifeCycle="Production">kintex7</xilinx:family>
				<xilinx:family xilinx:lifeCycle="Production">kintex7l</xilinx:family>
				<xilinx:family xilinx:lifeCycle="Production">qartix7</xilinx:family>
				<xilinx:family xilinx:lifeCycle="Production">qkintex7</xilinx:family>
				<xilinx:family xilinx:lifeCycle="Production">qkintex7l</xilinx:family>
				<xilinx:family xilinx:lifeCycle="Production">qvirtex7</xilinx:family>
				<xilinx:family xilinx:lifeCycle="Production">qzynq</xilinx:family>
				<xilinx:family xilinx:lifeCycle="Production">virtex7</xilinx:family>
				<xilinx:family xilinx:lifeCycle="Production">zynq</xilinx:family>
			</xilinx:supportedFamilies>
			<xilinx:taxonomies>
				<xilinx:taxonomy>/Embedded_Processing/AXI_Peripheral/Low_Speed_Peripheral</xilinx:taxonomy>
			</xilinx:taxonomies>
			<xilinx:displayName>AXI IIC</xilinx:displayName>
			<xilinx:vendorURL>http://www.xilinx.com</xilinx:vendorURL>
			<xilinx:coreRevision>2</xilinx:coreRevision>
			<xilinx:upgrades>
				<xilinx:canUpgradeFrom>xilinx.com:ip:axi_iic:1.02.a</xilinx:canUpgradeFrom>
			</xilinx:upgrades>
			<xilinx:coreCreationDateTime>2013-10-16T14:34:50Z</xilinx:coreCreationDateTime>
		</xilinx:coreExtensions>
		<xilinx:packagingInfo>
			<xilinx:xilinxVersion>2013.3</xilinx:xilinxVersion>
		</xilinx:packagingInfo>
	</spirit:vendorExtensions>
</spirit:component>
