<?xml version="1.0" encoding="UTF-8"?>
<spirit:component xmlns:xilinx="http://www.xilinx.com"
		xmlns:spirit="http://www.spiritconsortium.org/XMLSchema/SPIRIT/1685-2009"
		xmlns:xsi="http://www.w3.org/2001/XMLSchema-instance">
	<spirit:vendor>xilinx.com</spirit:vendor>
	<spirit:library>customized_ip</spirit:library>
	<spirit:name>MainDesign_gnd_0</spirit:name>
	<spirit:version>1.0</spirit:version>
	<spirit:model>
		<spirit:views>
			<spirit:view>
				<spirit:name>xilinx_verilogsynthesis</spirit:name>
				<spirit:displayName>Verilog Synthesis</spirit:displayName>
				<spirit:envIdentifier>verilogSource:vivado.xilinx.com:synthesis</spirit:envIdentifier>
				<spirit:language>verilog</spirit:language>
				<spirit:fileSetRef>
					<spirit:localName>xilinx_verilogsynthesis_view_fileset</spirit:localName>
				</spirit:fileSetRef>
				<spirit:parameters>
					<spirit:parameter>
						<spirit:name>customizationCRC</spirit:name>
						<spirit:value>1353795356</spirit:value>
					</spirit:parameter>
					<spirit:parameter>
						<spirit:name>customizationCRCversion</spirit:name>
						<spirit:value>3</spirit:value>
					</spirit:parameter>
					<spirit:parameter>
						<spirit:name>GENtimestamp</spirit:name>
						<spirit:value>Mon Jun 09 16:45:45 UTC 2014</spirit:value>
					</spirit:parameter>
					<spirit:parameter>
						<spirit:name>StaleAtRelink</spirit:name>
						<spirit:value>false</spirit:value>
					</spirit:parameter>
				</spirit:parameters>
			</spirit:view>
		</spirit:views>
		<spirit:ports>
			<spirit:port>
				<spirit:name>const</spirit:name>
				<spirit:wire>
					<spirit:direction>out</spirit:direction>
					<spirit:vector>
						<spirit:left spirit:format="long"
								spirit:resolve="dependent"
								spirit:dependency="(spirit:decode(id(&apos;MODELPARAM_VALUE.CONST_WIDTH&apos;)) - 1)">0</spirit:left>
						<spirit:right spirit:format="long"
								spirit:resolve="immediate">0</spirit:right>
					</spirit:vector>
					<spirit:wireTypeDefs>
						<spirit:wireTypeDef>
							<spirit:typeName>std_logic_vector</spirit:typeName>
							<spirit:viewNameRef>xilinx_verilogsynthesis</spirit:viewNameRef>
						</spirit:wireTypeDef>
					</spirit:wireTypeDefs>
				</spirit:wire>
			</spirit:port>
		</spirit:ports>
		<spirit:modelParameters>
			<spirit:modelParameter xsi:type="spirit:nameValueTypeType"
					spirit:dataType="integer">
				<spirit:name>CONST_VAL</spirit:name>
				<spirit:displayName>Const Val</spirit:displayName>
				<spirit:value spirit:format="long"
						spirit:resolve="generated"
						spirit:id="MODELPARAM_VALUE.CONST_VAL">0</spirit:value>
			</spirit:modelParameter>
			<spirit:modelParameter spirit:dataType="integer">
				<spirit:name>CONST_WIDTH</spirit:name>
				<spirit:displayName>Const Width</spirit:displayName>
				<spirit:value spirit:format="long"
						spirit:resolve="generated"
						spirit:id="MODELPARAM_VALUE.CONST_WIDTH">1</spirit:value>
			</spirit:modelParameter>
		</spirit:modelParameters>
	</spirit:model>
	<spirit:fileSets>
		<spirit:fileSet>
			<spirit:name>xilinx_verilogsynthesis_view_fileset</spirit:name>
			<spirit:file>
				<spirit:name>work/xlconstant.v</spirit:name>
				<spirit:fileType>verilogSource</spirit:fileType>
				<spirit:logicalName>work</spirit:logicalName>
			</spirit:file>
			<spirit:file>
				<spirit:name>synth/MainDesign_gnd_0.v</spirit:name>
				<spirit:fileType>verilogSource</spirit:fileType>
				<spirit:logicalName>work</spirit:logicalName>
			</spirit:file>
		</spirit:fileSet>
	</spirit:fileSets>
	<spirit:description>Gives a constant signed value.</spirit:description>
	<spirit:parameters>
		<spirit:parameter>
			<spirit:name>CONST_WIDTH</spirit:name>
			<spirit:displayName>Const Width</spirit:displayName>
			<spirit:value spirit:format="long"
					spirit:resolve="user"
					spirit:id="PARAM_VALUE.CONST_WIDTH"
					spirit:order="1100"
					spirit:minimum="1"
					spirit:maximum="4096">1</spirit:value>
		</spirit:parameter>
		<spirit:parameter>
			<spirit:name>CONST_VAL</spirit:name>
			<spirit:displayName>Const Val</spirit:displayName>
			<spirit:value spirit:format="long"
					spirit:resolve="user"
					spirit:id="PARAM_VALUE.CONST_VAL"
					spirit:order="1200">0</spirit:value>
		</spirit:parameter>
		<spirit:parameter>
			<spirit:name>Component_Name</spirit:name>
			<spirit:value spirit:resolve="user"
					spirit:id="PARAM_VALUE.Component_Name"
					spirit:order="1">MainDesign_gnd_0</spirit:value>
		</spirit:parameter>
	</spirit:parameters>
	<spirit:vendorExtensions>
		<xilinx:coreExtensions>
			<xilinx:supportedFamilies>
				<xilinx:family xilinx:lifeCycle="Beta">artix7</xilinx:family>
				<xilinx:family xilinx:lifeCycle="Beta">kintex7</xilinx:family>
				<xilinx:family xilinx:lifeCycle="Beta">kintex7l</xilinx:family>
				<xilinx:family xilinx:lifeCycle="Beta">virtex7</xilinx:family>
				<xilinx:family xilinx:lifeCycle="Beta">virtex7l</xilinx:family>
				<xilinx:family xilinx:lifeCycle="Beta">zynq</xilinx:family>
				<xilinx:family xilinx:lifeCycle="Beta">artix7l</xilinx:family>
				<xilinx:family xilinx:lifeCycle="Beta">aartix7</xilinx:family>
				<xilinx:family xilinx:lifeCycle="Beta">qvirtex7</xilinx:family>
				<xilinx:family xilinx:lifeCycle="Beta">qkintex7</xilinx:family>
				<xilinx:family xilinx:lifeCycle="Beta">qvirtex7l</xilinx:family>
				<xilinx:family xilinx:lifeCycle="Beta">qkintex7l</xilinx:family>
				<xilinx:family xilinx:lifeCycle="Beta">qartix7</xilinx:family>
				<xilinx:family xilinx:lifeCycle="Beta">qartix7l</xilinx:family>
				<xilinx:family xilinx:lifeCycle="Beta">qzynq</xilinx:family>
				<xilinx:family xilinx:lifeCycle="Beta">azynq</xilinx:family>
				<xilinx:family xilinx:lifeCycle="Beta">olyevalarch</xilinx:family>
				<xilinx:family xilinx:lifeCycle="Beta">virtex8</xilinx:family>
				<xilinx:family xilinx:lifeCycle="Beta">zynq7000</xilinx:family>
				<xilinx:family xilinx:lifeCycle="Beta">virtex7</xilinx:family>
			</xilinx:supportedFamilies>
			<xilinx:taxonomies>
				<xilinx:taxonomy>/Basic_Elements</xilinx:taxonomy>
			</xilinx:taxonomies>
			<xilinx:displayName>Constant</xilinx:displayName>
			<xilinx:designToolContexts>
				<xilinx:designToolContext>IPI</xilinx:designToolContext>
			</xilinx:designToolContexts>
			<xilinx:vendorURL>http://www.xilinx.com</xilinx:vendorURL>
			<xilinx:coreCreationDateTime>2012-06-04T21:42:40</xilinx:coreCreationDateTime>
		</xilinx:coreExtensions>
		<xilinx:packagingInfo>
			<xilinx:xilinxVersion>2012.2.OR0</xilinx:xilinxVersion>
		</xilinx:packagingInfo>
	</spirit:vendorExtensions>
</spirit:component>
