<?xml version="1.0" encoding="UTF-8"?>
<DARoots Version="1" Minor="30">
  <FileSet Name="sources_1" Type="DesignSrcs" RelSrcDir="$PSRCDIR/sources_1">
    <Filter Type="Srcs"/>
    <File Path="$PSRCDIR/sources_1/bd/MainDesign/MainDesign.bd">
      <FileInfo>
        <Attr Name="ImportPath" Val="$PPRDIR/../../../../../home/agilehw/AgileHWDemoProject/AgileHWDemoProject.srcs/sources_1/bd/MainDesign/MainDesign.bd"/>
        <Attr Name="ImportTime" Val="1402332335"/>
        <Attr Name="UsedInSynthesis" Val="1"/>
        <Attr Name="UsedInImplementation" Val="1"/>
        <Attr Name="UsedInSimulation" Val="1"/>
        <Attr Name="UsedIn" Val="synthesis"/>
        <Attr Name="UsedIn" Val="implementation"/>
        <Attr Name="UsedIn" Val="simulation"/>
      </FileInfo>
    </File>
    <File Path="$PSRCDIR/sources_1/bd/MainDesign/hdl/MainDesign_wrapper.v">
      <FileInfo>
        <Attr Name="ImportPath" Val="$PPRDIR/../../../../../home/agilehw/AgileHWDemoProject/AgileHWDemoProject.srcs/sources_1/bd/MainDesign/hdl/MainDesign_wrapper.v"/>
        <Attr Name="ImportTime" Val="1402332335"/>
        <Attr Name="UsedInSynthesis" Val="1"/>
        <Attr Name="UsedInImplementation" Val="1"/>
        <Attr Name="UsedInSimulation" Val="1"/>
        <Attr Name="UsedIn" Val="synthesis"/>
        <Attr Name="UsedIn" Val="implementation"/>
        <Attr Name="UsedIn" Val="simulation"/>
      </FileInfo>
    </File>
    <File Path="$PPRDIR/archive_project_summary.txt">
      <FileInfo>
        <Attr Name="UsedIn" Val="synthesis"/>
        <Attr Name="UsedIn" Val="implementation"/>
        <Attr Name="UsedIn" Val="simulation"/>
      </FileInfo>
    </File>
    <Config>
      <Option Name="DesignMode" Val="RTL"/>
      <Option Name="TopModule" Val="MainDesign_wrapper"/>
      <Option Name="TopAutoSet" Val="TRUE"/>
      <Option Name="IPRepoPath" Val="$PPRDIR/AgileHWDemoProject.ipdefs/avnet_zed_hdmi_core"/>
    </Config>
  </FileSet>
</DARoots>
