<?xml version="1.0" encoding="UTF-8" ?>
<webTalkData  fileName='usage_statistics_webtalk.xml'  majorVersion='1' minorVersion='0' timeStamp='Mon Jun  9 11:03:47 2014'>
<section name="__ROOT__" level="0" order="1" description="">
 <section name="software_version_and_target_device" level="1" order="1" description="">
  <keyValuePair key="beta" value="FALSE" description="" />
  <keyValuePair key="build_version" value="329390" description="" />
  <keyValuePair key="date_generated" value="Mon Jun  9 11:03:47 2014" description="" />
  <keyValuePair key="os_platform" value="LIN32" description="" />
  <keyValuePair key="product_version" value="Vivado v2013.3" description="" />
  <keyValuePair key="project_id" value="e34ee86b5b5a419584948590ca99d4dc" description="" />
  <keyValuePair key="project_iteration" value="1" description="" />
  <keyValuePair key="random_id" value="a65a4e1ff4eb528aadbe1410028763aa" description="" />
  <keyValuePair key="registration_id" value="" description="" />
  <keyValuePair key="route_design" value="TRUE" description="" />
  <keyValuePair key="target_device" value="xc7z020" description="" />
  <keyValuePair key="target_family" value="zynq" description="" />
  <keyValuePair key="target_package" value="clg484" description="" />
  <keyValuePair key="target_speed" value="-1" description="" />
  <keyValuePair key="tool_flow" value="Vivado" description="" />
 </section>
 <section name="user_environment" level="1" order="2" description="">
  <keyValuePair key="cpu_name" value="Intel(R) Core(TM)2 Duo CPU     T7300  @ 2.00GHz" description="" />
  <keyValuePair key="cpu_speed" value="2001.000 MHz" description="" />
  <keyValuePair key="os_name" value="Ubuntu" description="" />
  <keyValuePair key="os_release" value="Ubuntu 10.04.4 LTS" description="" />
  <keyValuePair key="system_ram" value="2.000 GB" description="" />
  <keyValuePair key="total_processors" value="1" description="" />
 </section>
 <section name="ip_statistics" level="1" order="3" description="">
  <section name="IP_Integrator/1" level="2" order="1" description="">
   <keyValuePair key="da_axi4_cnt" value="3" description="" />
   <keyValuePair key="da_board_cnt" value="1" description="" />
   <keyValuePair key="da_ps7_cnt" value="1" description="" />
   <keyValuePair key="iptotal" value="1" description="" />
   <keyValuePair key="maxhierdepth" value="0" description="" />
   <keyValuePair key="numblks" value="25" description="" />
   <keyValuePair key="numhierblks" value="8" description="" />
   <keyValuePair key="numnonxlnxblks" value="1" description="" />
   <keyValuePair key="numreposblks" value="17" description="" />
   <keyValuePair key="x_iplanguage" value="VERILOG" description="" />
   <keyValuePair key="x_ipvendor" value="xilinx.com" description="" />
  </section>
  <section name="axi_crossbar_v2_1_axi_crossbar/1" level="2" order="2" description="">
   <keyValuePair key="c_axi_addr_width" value="32" description="" />
   <keyValuePair key="c_axi_aruser_width" value="1" description="" />
   <keyValuePair key="c_axi_awuser_width" value="1" description="" />
   <keyValuePair key="c_axi_buser_width" value="1" description="" />
   <keyValuePair key="c_axi_data_width" value="32" description="" />
   <keyValuePair key="c_axi_id_width" value="1" description="" />
   <keyValuePair key="c_axi_protocol" value="2" description="" />
   <keyValuePair key="c_axi_ruser_width" value="1" description="" />
   <keyValuePair key="c_axi_supports_user_signals" value="0" description="" />
   <keyValuePair key="c_axi_wuser_width" value="1" description="" />
   <keyValuePair key="c_connectivity_mode" value="0" description="" />
   <keyValuePair key="c_family" value="zynq" description="" />
   <keyValuePair key="c_m_axi_addr_width" value="0x000000100000001000000010" description="" />
   <keyValuePair key="c_m_axi_base_addr" value="0x00000000430000000000000043c000000000000041600000" description="" />
   <keyValuePair key="c_m_axi_read_connectivity" value="0x000000010000000100000001" description="" />
   <keyValuePair key="c_m_axi_read_issuing" value="0x000000010000000100000001" description="" />
   <keyValuePair key="c_m_axi_secure" value="0x000000000000000000000000" description="" />
   <keyValuePair key="c_m_axi_write_connectivity" value="0x000000010000000100000001" description="" />
   <keyValuePair key="c_m_axi_write_issuing" value="0x000000010000000100000001" description="" />
   <keyValuePair key="c_num_addr_ranges" value="1" description="" />
   <keyValuePair key="c_num_master_slots" value="3" description="" />
   <keyValuePair key="c_num_slave_slots" value="1" description="" />
   <keyValuePair key="c_r_register" value="1" description="" />
   <keyValuePair key="c_s_axi_arb_priority" value="0x00000000" description="" />
   <keyValuePair key="c_s_axi_base_id" value="0x00000000" description="" />
   <keyValuePair key="c_s_axi_read_acceptance" value="0x00000001" description="" />
   <keyValuePair key="c_s_axi_single_thread" value="0x00000001" description="" />
   <keyValuePair key="c_s_axi_thread_id_width" value="0x00000000" description="" />
   <keyValuePair key="c_s_axi_write_acceptance" value="0x00000001" description="" />
   <keyValuePair key="iptotal" value="1" description="" />
   <keyValuePair key="x_ipcorerevision" value="0" description="" />
   <keyValuePair key="x_iplanguage" value="VERILOG" description="" />
   <keyValuePair key="x_iplibrary" value="ip" description="" />
   <keyValuePair key="x_ipname" value="axi_crossbar" description="" />
   <keyValuePair key="x_ipproduct" value="Vivado 2013.3" description="" />
   <keyValuePair key="x_ipvendor" value="xilinx.com" description="" />
   <keyValuePair key="x_ipversion" value="2.1" description="" />
  </section>
  <section name="axi_iic/1" level="2" order="3" description="">
   <keyValuePair key="c_family" value="zynq" description="" />
   <keyValuePair key="c_gpo_width" value="1" description="" />
   <keyValuePair key="c_iic_freq" value="100000" description="" />
   <keyValuePair key="c_s_axi_aclk_freq_hz" value="76000000" description="" />
   <keyValuePair key="c_s_axi_addr_width" value="9" description="" />
   <keyValuePair key="c_s_axi_data_width" value="32" description="" />
   <keyValuePair key="c_scl_inertial_delay" value="0" description="" />
   <keyValuePair key="c_sda_inertial_delay" value="0" description="" />
   <keyValuePair key="c_sda_level" value="1" description="" />
   <keyValuePair key="c_smbus_pmbus_host" value="0" description="" />
   <keyValuePair key="c_ten_bit_adr" value="0" description="" />
   <keyValuePair key="iptotal" value="1" description="" />
   <keyValuePair key="x_ipcorerevision" value="2" description="" />
   <keyValuePair key="x_iplanguage" value="VERILOG" description="" />
   <keyValuePair key="x_iplibrary" value="ip" description="" />
   <keyValuePair key="x_ipname" value="axi_iic" description="" />
   <keyValuePair key="x_ipproduct" value="Vivado 2013.3" description="" />
   <keyValuePair key="x_ipvendor" value="xilinx.com" description="" />
   <keyValuePair key="x_ipversion" value="2.0" description="" />
  </section>
  <section name="axi_protocol_converter_v2_1_axi_protocol_converter/1" level="2" order="4" description="">
   <keyValuePair key="c_axi_addr_width" value="32" description="" />
   <keyValuePair key="c_axi_aruser_width" value="1" description="" />
   <keyValuePair key="c_axi_awuser_width" value="1" description="" />
   <keyValuePair key="c_axi_buser_width" value="1" description="" />
   <keyValuePair key="c_axi_data_width" value="64" description="" />
   <keyValuePair key="c_axi_id_width" value="1" description="" />
   <keyValuePair key="c_axi_ruser_width" value="1" description="" />
   <keyValuePair key="c_axi_supports_read" value="1" description="" />
   <keyValuePair key="c_axi_supports_user_signals" value="0" description="" />
   <keyValuePair key="c_axi_supports_write" value="0" description="" />
   <keyValuePair key="c_axi_wuser_width" value="1" description="" />
   <keyValuePair key="c_family" value="zynq" description="" />
   <keyValuePair key="c_ignore_id" value="1" description="" />
   <keyValuePair key="c_m_axi_protocol" value="1" description="" />
   <keyValuePair key="c_s_axi_protocol" value="0" description="" />
   <keyValuePair key="c_translation_mode" value="2" description="" />
   <keyValuePair key="iptotal" value="1" description="" />
   <keyValuePair key="x_ipcorerevision" value="0" description="" />
   <keyValuePair key="x_iplanguage" value="VERILOG" description="" />
   <keyValuePair key="x_iplibrary" value="ip" description="" />
   <keyValuePair key="x_ipname" value="axi_protocol_converter" description="" />
   <keyValuePair key="x_ipproduct" value="Vivado 2013.3" description="" />
   <keyValuePair key="x_ipvendor" value="xilinx.com" description="" />
   <keyValuePair key="x_ipversion" value="2.1" description="" />
  </section>
  <section name="axi_protocol_converter_v2_1_axi_protocol_converter/2" level="2" order="5" description="">
   <keyValuePair key="c_axi_addr_width" value="32" description="" />
   <keyValuePair key="c_axi_aruser_width" value="1" description="" />
   <keyValuePair key="c_axi_awuser_width" value="1" description="" />
   <keyValuePair key="c_axi_buser_width" value="1" description="" />
   <keyValuePair key="c_axi_data_width" value="32" description="" />
   <keyValuePair key="c_axi_id_width" value="12" description="" />
   <keyValuePair key="c_axi_ruser_width" value="1" description="" />
   <keyValuePair key="c_axi_supports_read" value="1" description="" />
   <keyValuePair key="c_axi_supports_user_signals" value="0" description="" />
   <keyValuePair key="c_axi_supports_write" value="1" description="" />
   <keyValuePair key="c_axi_wuser_width" value="1" description="" />
   <keyValuePair key="c_family" value="zynq" description="" />
   <keyValuePair key="c_ignore_id" value="0" description="" />
   <keyValuePair key="c_m_axi_protocol" value="2" description="" />
   <keyValuePair key="c_s_axi_protocol" value="1" description="" />
   <keyValuePair key="c_translation_mode" value="2" description="" />
   <keyValuePair key="iptotal" value="1" description="" />
   <keyValuePair key="x_ipcorerevision" value="0" description="" />
   <keyValuePair key="x_iplanguage" value="VERILOG" description="" />
   <keyValuePair key="x_iplibrary" value="ip" description="" />
   <keyValuePair key="x_ipname" value="axi_protocol_converter" description="" />
   <keyValuePair key="x_ipproduct" value="Vivado 2013.3" description="" />
   <keyValuePair key="x_ipvendor" value="xilinx.com" description="" />
   <keyValuePair key="x_ipversion" value="2.1" description="" />
  </section>
  <section name="axi_vdma/1" level="2" order="6" description="">
   <keyValuePair key="c_dlytmr_resolution" value="125" description="" />
   <keyValuePair key="c_dynamic_resolution" value="1" description="" />
   <keyValuePair key="c_enable_debug_all" value="0" description="" />
   <keyValuePair key="c_enable_debug_info_0" value="0" description="" />
   <keyValuePair key="c_enable_debug_info_1" value="0" description="" />
   <keyValuePair key="c_enable_debug_info_10" value="0" description="" />
   <keyValuePair key="c_enable_debug_info_11" value="0" description="" />
   <keyValuePair key="c_enable_debug_info_12" value="0" description="" />
   <keyValuePair key="c_enable_debug_info_13" value="0" description="" />
   <keyValuePair key="c_enable_debug_info_14" value="0" description="" />
   <keyValuePair key="c_enable_debug_info_15" value="0" description="" />
   <keyValuePair key="c_enable_debug_info_2" value="0" description="" />
   <keyValuePair key="c_enable_debug_info_3" value="0" description="" />
   <keyValuePair key="c_enable_debug_info_4" value="0" description="" />
   <keyValuePair key="c_enable_debug_info_5" value="0" description="" />
   <keyValuePair key="c_enable_debug_info_6" value="0" description="" />
   <keyValuePair key="c_enable_debug_info_7" value="0" description="" />
   <keyValuePair key="c_enable_debug_info_8" value="0" description="" />
   <keyValuePair key="c_enable_debug_info_9" value="0" description="" />
   <keyValuePair key="c_enable_vidprmtr_reads" value="1" description="" />
   <keyValuePair key="c_family" value="zynq" description="" />
   <keyValuePair key="c_flush_on_fsync" value="1" description="" />
   <keyValuePair key="c_include_internal_genlock" value="1" description="" />
   <keyValuePair key="c_include_mm2s" value="1" description="" />
   <keyValuePair key="c_include_mm2s_dre" value="1" description="" />
   <keyValuePair key="c_include_mm2s_sf" value="0" description="" />
   <keyValuePair key="c_include_s2mm" value="0" description="" />
   <keyValuePair key="c_include_s2mm_dre" value="0" description="" />
   <keyValuePair key="c_include_s2mm_sf" value="1" description="" />
   <keyValuePair key="c_include_sg" value="0" description="" />
   <keyValuePair key="c_m_axi_mm2s_addr_width" value="32" description="" />
   <keyValuePair key="c_m_axi_mm2s_data_width" value="64" description="" />
   <keyValuePair key="c_m_axi_s2mm_addr_width" value="32" description="" />
   <keyValuePair key="c_m_axi_s2mm_data_width" value="64" description="" />
   <keyValuePair key="c_m_axi_sg_addr_width" value="32" description="" />
   <keyValuePair key="c_m_axi_sg_data_width" value="32" description="" />
   <keyValuePair key="c_m_axis_mm2s_tdata_width" value="32" description="" />
   <keyValuePair key="c_m_axis_mm2s_tuser_bits" value="1" description="" />
   <keyValuePair key="c_mm2s_genlock_mode" value="0" description="" />
   <keyValuePair key="c_mm2s_genlock_num_masters" value="1" description="" />
   <keyValuePair key="c_mm2s_genlock_repeat_en" value="0" description="" />
   <keyValuePair key="c_mm2s_linebuffer_depth" value="4096" description="" />
   <keyValuePair key="c_mm2s_linebuffer_thresh" value="4" description="" />
   <keyValuePair key="c_mm2s_max_burst_length" value="8" description="" />
   <keyValuePair key="c_mm2s_sof_enable" value="1" description="" />
   <keyValuePair key="c_num_fstores" value="3" description="" />
   <keyValuePair key="c_prmry_is_aclk_async" value="1" description="" />
   <keyValuePair key="c_s2mm_genlock_mode" value="0" description="" />
   <keyValuePair key="c_s2mm_genlock_num_masters" value="1" description="" />
   <keyValuePair key="c_s2mm_genlock_repeat_en" value="1" description="" />
   <keyValuePair key="c_s2mm_linebuffer_depth" value="512" description="" />
   <keyValuePair key="c_s2mm_linebuffer_thresh" value="4" description="" />
   <keyValuePair key="c_s2mm_max_burst_length" value="8" description="" />
   <keyValuePair key="c_s2mm_sof_enable" value="1" description="" />
   <keyValuePair key="c_s_axi_lite_addr_width" value="9" description="" />
   <keyValuePair key="c_s_axi_lite_data_width" value="32" description="" />
   <keyValuePair key="c_s_axis_s2mm_tdata_width" value="32" description="" />
   <keyValuePair key="c_s_axis_s2mm_tuser_bits" value="1" description="" />
   <keyValuePair key="c_use_fsync" value="1" description="" />
   <keyValuePair key="c_use_mm2s_fsync" value="0" description="" />
   <keyValuePair key="c_use_s2mm_fsync" value="2" description="" />
   <keyValuePair key="iptotal" value="1" description="" />
   <keyValuePair key="x_ipcorerevision" value="0" description="" />
   <keyValuePair key="x_iplanguage" value="VERILOG" description="" />
   <keyValuePair key="x_iplibrary" value="ip" description="" />
   <keyValuePair key="x_ipname" value="axi_vdma" description="" />
   <keyValuePair key="x_ipproduct" value="Vivado 2013.3" description="" />
   <keyValuePair key="x_ipvendor" value="xilinx.com" description="" />
   <keyValuePair key="x_ipversion" value="6.1" description="" />
  </section>
  <section name="axis_subset_converter_v1_1_axis_subset_converter_MainDesign_axis_subset_converter_0_0/1" level="2" order="7" description="">
   <keyValuePair key="c_default_tlast" value="0" description="" />
   <keyValuePair key="c_family" value="zynq" description="" />
   <keyValuePair key="c_m_axis_signal_set" value="0b10011011" description="" />
   <keyValuePair key="c_m_axis_tdata_width" value="24" description="" />
   <keyValuePair key="c_m_axis_tdest_width" value="1" description="" />
   <keyValuePair key="c_m_axis_tid_width" value="1" description="" />
   <keyValuePair key="c_m_axis_tuser_width" value="1" description="" />
   <keyValuePair key="c_s_axis_signal_set" value="0b10011011" description="" />
   <keyValuePair key="c_s_axis_tdata_width" value="32" description="" />
   <keyValuePair key="c_s_axis_tdest_width" value="1" description="" />
   <keyValuePair key="c_s_axis_tid_width" value="1" description="" />
   <keyValuePair key="c_s_axis_tuser_width" value="1" description="" />
   <keyValuePair key="iptotal" value="1" description="" />
   <keyValuePair key="x_ipcorerevision" value="0" description="" />
   <keyValuePair key="x_iplanguage" value="VERILOG" description="" />
   <keyValuePair key="x_iplibrary" value="ip" description="" />
   <keyValuePair key="x_ipname" value="axis_subset_converter" description="" />
   <keyValuePair key="x_ipproduct" value="Vivado 2013.3" description="" />
   <keyValuePair key="x_ipvendor" value="xilinx.com" description="" />
   <keyValuePair key="x_ipversion" value="1.1" description="" />
  </section>
  <section name="clk_wiz_v5_1/1" level="2" order="8" description="">
   <keyValuePair key="clkin1_period" value="10.0" description="" />
   <keyValuePair key="clkin2_period" value="10.0" description="" />
   <keyValuePair key="clock_mgr_type" value="NA" description="" />
   <keyValuePair key="component_name" value="MainDesign_clk_wiz_0_0" description="" />
   <keyValuePair key="enable_axi" value="0" description="" />
   <keyValuePair key="feedback_source" value="FDBK_AUTO" description="" />
   <keyValuePair key="feedback_type" value="SINGLE" description="" />
   <keyValuePair key="iptotal" value="1" description="" />
   <keyValuePair key="manual_override" value="false" description="" />
   <keyValuePair key="num_out_clk" value="1" description="" />
   <keyValuePair key="primitive" value="MMCM" description="" />
   <keyValuePair key="use_dyn_phase_shift" value="false" description="" />
   <keyValuePair key="use_dyn_reconfig" value="false" description="" />
   <keyValuePair key="use_inclk_stopped" value="false" description="" />
   <keyValuePair key="use_inclk_switchover" value="false" description="" />
   <keyValuePair key="use_locked" value="false" description="" />
   <keyValuePair key="use_max_i_jitter" value="false" description="" />
   <keyValuePair key="use_min_o_jitter" value="false" description="" />
   <keyValuePair key="use_phase_alignment" value="true" description="" />
   <keyValuePair key="use_power_down" value="false" description="" />
   <keyValuePair key="use_reset" value="false" description="" />
  </section>
  <section name="proc_sys_reset/1" level="2" order="9" description="">
   <keyValuePair key="c_aux_reset_high" value="0" description="" />
   <keyValuePair key="c_aux_rst_width" value="4" description="" />
   <keyValuePair key="c_ext_reset_high" value="0" description="" />
   <keyValuePair key="c_ext_rst_width" value="4" description="" />
   <keyValuePair key="c_family" value="zynq" description="" />
   <keyValuePair key="c_num_bus_rst" value="1" description="" />
   <keyValuePair key="c_num_interconnect_aresetn" value="1" description="" />
   <keyValuePair key="c_num_perp_aresetn" value="1" description="" />
   <keyValuePair key="c_num_perp_rst" value="1" description="" />
   <keyValuePair key="iptotal" value="1" description="" />
   <keyValuePair key="x_ipcorerevision" value="2" description="" />
   <keyValuePair key="x_iplanguage" value="VERILOG" description="" />
   <keyValuePair key="x_iplibrary" value="ip" description="" />
   <keyValuePair key="x_ipname" value="proc_sys_reset" description="" />
   <keyValuePair key="x_ipproduct" value="Vivado 2013.3" description="" />
   <keyValuePair key="x_ipvendor" value="xilinx.com" description="" />
   <keyValuePair key="x_ipversion" value="5.0" description="" />
  </section>
  <section name="proc_sys_reset/2" level="2" order="10" description="">
   <keyValuePair key="c_aux_reset_high" value="0" description="" />
   <keyValuePair key="c_aux_rst_width" value="4" description="" />
   <keyValuePair key="c_ext_reset_high" value="0" description="" />
   <keyValuePair key="c_ext_rst_width" value="4" description="" />
   <keyValuePair key="c_family" value="zynq" description="" />
   <keyValuePair key="c_num_bus_rst" value="1" description="" />
   <keyValuePair key="c_num_interconnect_aresetn" value="1" description="" />
   <keyValuePair key="c_num_perp_aresetn" value="1" description="" />
   <keyValuePair key="c_num_perp_rst" value="1" description="" />
   <keyValuePair key="iptotal" value="1" description="" />
   <keyValuePair key="x_ipcorerevision" value="2" description="" />
   <keyValuePair key="x_iplanguage" value="VERILOG" description="" />
   <keyValuePair key="x_iplibrary" value="ip" description="" />
   <keyValuePair key="x_ipname" value="proc_sys_reset" description="" />
   <keyValuePair key="x_ipproduct" value="Vivado 2013.3" description="" />
   <keyValuePair key="x_ipvendor" value="xilinx.com" description="" />
   <keyValuePair key="x_ipversion" value="5.0" description="" />
  </section>
  <section name="processing_system7_v5_3_processing_system7/1" level="2" order="11" description="">
   <keyValuePair key="c_dm_width" value="4" description="" />
   <keyValuePair key="c_dq_width" value="32" description="" />
   <keyValuePair key="c_dqs_width" value="4" description="" />
   <keyValuePair key="c_emio_gpio_width" value="64" description="" />
   <keyValuePair key="c_en_emio_enet0" value="0" description="" />
   <keyValuePair key="c_en_emio_enet1" value="0" description="" />
   <keyValuePair key="c_en_emio_trace" value="0" description="" />
   <keyValuePair key="c_fclk_clk0_buf" value="true" description="" />
   <keyValuePair key="c_fclk_clk1_buf" value="true" description="" />
   <keyValuePair key="c_fclk_clk2_buf" value="true" description="" />
   <keyValuePair key="c_fclk_clk3_buf" value="false" description="" />
   <keyValuePair key="c_include_acp_trans_check" value="0" description="" />
   <keyValuePair key="c_include_trace_buffer" value="0" description="" />
   <keyValuePair key="c_m_axi_gp0_enable_static_remap" value="0" description="" />
   <keyValuePair key="c_m_axi_gp0_id_width" value="12" description="" />
   <keyValuePair key="c_m_axi_gp0_thread_id_width" value="12" description="" />
   <keyValuePair key="c_m_axi_gp1_enable_static_remap" value="0" description="" />
   <keyValuePair key="c_m_axi_gp1_id_width" value="12" description="" />
   <keyValuePair key="c_m_axi_gp1_thread_id_width" value="12" description="" />
   <keyValuePair key="c_mio_primitive" value="54" description="" />
   <keyValuePair key="c_num_f2p_intr_inputs" value="1" description="" />
   <keyValuePair key="c_package_name" value="clg484" description="" />
   <keyValuePair key="c_ps7_si_rev" value="PRODUCTION" description="" />
   <keyValuePair key="c_s_axi_acp_aruser_val" value="31" description="" />
   <keyValuePair key="c_s_axi_acp_awuser_val" value="31" description="" />
   <keyValuePair key="c_s_axi_acp_id_width" value="3" description="" />
   <keyValuePair key="c_s_axi_gp0_id_width" value="6" description="" />
   <keyValuePair key="c_s_axi_gp1_id_width" value="6" description="" />
   <keyValuePair key="c_s_axi_hp0_data_width" value="64" description="" />
   <keyValuePair key="c_s_axi_hp0_id_width" value="6" description="" />
   <keyValuePair key="c_s_axi_hp1_data_width" value="64" description="" />
   <keyValuePair key="c_s_axi_hp1_id_width" value="6" description="" />
   <keyValuePair key="c_s_axi_hp2_data_width" value="64" description="" />
   <keyValuePair key="c_s_axi_hp2_id_width" value="6" description="" />
   <keyValuePair key="c_s_axi_hp3_data_width" value="64" description="" />
   <keyValuePair key="c_s_axi_hp3_id_width" value="6" description="" />
   <keyValuePair key="c_trace_buffer_clock_delay" value="12" description="" />
   <keyValuePair key="c_trace_buffer_fifo_size" value="128" description="" />
   <keyValuePair key="c_use_default_acp_user_val" value="0" description="" />
   <keyValuePair key="iptotal" value="1" description="" />
   <keyValuePair key="use_trace_data_edge_detector" value="0" description="" />
   <keyValuePair key="x_ipcorerevision" value="0" description="" />
   <keyValuePair key="x_iplanguage" value="VERILOG" description="" />
   <keyValuePair key="x_iplibrary" value="ip" description="" />
   <keyValuePair key="x_ipname" value="processing_system7" description="" />
   <keyValuePair key="x_ipproduct" value="Vivado 2013.3" description="" />
   <keyValuePair key="x_ipvendor" value="xilinx.com" description="" />
   <keyValuePair key="x_ipversion" value="5.3" description="" />
  </section>
  <section name="v_axi4s_vid_out_v3_0_axi4s_vid_out_top/1" level="2" order="12" description="">
   <keyValuePair key="c_s_axis_video_data_width" value="8" description="" />
   <keyValuePair key="c_s_axis_video_format" value="0" description="" />
   <keyValuePair key="c_s_axis_video_tdata_width" value="16" description="" />
   <keyValuePair key="fill_guardband" value="3" description="" />
   <keyValuePair key="hysteresis_level" value="12" description="" />
   <keyValuePair key="iptotal" value="1" description="" />
   <keyValuePair key="ram_addr_bits" value="10" description="" />
   <keyValuePair key="vid_out_data_width" value="16" description="" />
   <keyValuePair key="vtg_master_slave" value="0" description="" />
   <keyValuePair key="x_ipcorerevision" value="2" description="" />
   <keyValuePair key="x_iplanguage" value="VERILOG" description="" />
   <keyValuePair key="x_iplibrary" value="ip" description="" />
   <keyValuePair key="x_ipname" value="v_axi4s_vid_out" description="" />
   <keyValuePair key="x_ipproduct" value="Vivado 2013.3" description="" />
   <keyValuePair key="x_ipvendor" value="xilinx.com" description="" />
   <keyValuePair key="x_ipversion" value="3.0" description="" />
  </section>
  <section name="v_cresample/1" level="2" order="13" description="">
   <keyValuePair key="c_active_cols" value="1920" description="" />
   <keyValuePair key="c_active_rows" value="1080" description="" />
   <keyValuePair key="c_chroma_parity" value="1" description="" />
   <keyValuePair key="c_coef_width" value="16" description="" />
   <keyValuePair key="c_convert_type" value="1" description="" />
   <keyValuePair key="c_family" value="zynq" description="" />
   <keyValuePair key="c_field_parity" value="1" description="" />
   <keyValuePair key="c_has_axi4_lite" value="0" description="" />
   <keyValuePair key="c_has_debug" value="0" description="" />
   <keyValuePair key="c_has_intc_if" value="0" description="" />
   <keyValuePair key="c_interlaced" value="0" description="" />
   <keyValuePair key="c_m_axis_video_data_width" value="8" description="" />
   <keyValuePair key="c_m_axis_video_format" value="0" description="" />
   <keyValuePair key="c_m_axis_video_tdata_width" value="16" description="" />
   <keyValuePair key="c_max_cols" value="1920" description="" />
   <keyValuePair key="c_num_h_taps" value="3" description="" />
   <keyValuePair key="c_num_v_taps" value="0" description="" />
   <keyValuePair key="c_s_axi_clk_freq_hz" value="100000000" description="" />
   <keyValuePair key="c_s_axis_video_data_width" value="8" description="" />
   <keyValuePair key="c_s_axis_video_format" value="1" description="" />
   <keyValuePair key="c_s_axis_video_tdata_width" value="24" description="" />
   <keyValuePair key="iptotal" value="1" description="" />
   <keyValuePair key="x_ipcorerevision" value="2" description="" />
   <keyValuePair key="x_iplanguage" value="VERILOG" description="" />
   <keyValuePair key="x_iplibrary" value="ip" description="" />
   <keyValuePair key="x_iplicense" value="v_cresample@2013.03(hardware_evaluation)" description="" />
   <keyValuePair key="x_ipname" value="v_cresample" description="" />
   <keyValuePair key="x_ipproduct" value="Vivado 2013.3" description="" />
   <keyValuePair key="x_ipvendor" value="xilinx.com" description="" />
   <keyValuePair key="x_ipversion" value="4.0" description="" />
  </section>
  <section name="v_rgb2ycrcb/1" level="2" order="14" description="">
   <keyValuePair key="c_acoef" value="19595" description="" />
   <keyValuePair key="c_active_cols" value="1920" description="" />
   <keyValuePair key="c_active_rows" value="1080" description="" />
   <keyValuePair key="c_bcoef" value="7471" description="" />
   <keyValuePair key="c_cbmax" value="240" description="" />
   <keyValuePair key="c_cbmin" value="16" description="" />
   <keyValuePair key="c_cboffset" value="128" description="" />
   <keyValuePair key="c_ccoef" value="46727" description="" />
   <keyValuePair key="c_crmax" value="240" description="" />
   <keyValuePair key="c_crmin" value="16" description="" />
   <keyValuePair key="c_croffset" value="128" description="" />
   <keyValuePair key="c_dcoef" value="36962" description="" />
   <keyValuePair key="c_family" value="zynq" description="" />
   <keyValuePair key="c_has_axi4_lite" value="0" description="" />
   <keyValuePair key="c_has_clamp" value="1" description="" />
   <keyValuePair key="c_has_clip" value="1" description="" />
   <keyValuePair key="c_has_debug" value="0" description="" />
   <keyValuePair key="c_has_intc_if" value="0" description="" />
   <keyValuePair key="c_m_axis_video_data_width" value="8" description="" />
   <keyValuePair key="c_m_axis_video_format" value="1" description="" />
   <keyValuePair key="c_m_axis_video_tdata_width" value="24" description="" />
   <keyValuePair key="c_max_cols" value="1920" description="" />
   <keyValuePair key="c_s_axi_addr_width" value="9" description="" />
   <keyValuePair key="c_s_axi_clk_freq_hz" value="100000000" description="" />
   <keyValuePair key="c_s_axi_data_width" value="32" description="" />
   <keyValuePair key="c_s_axis_video_data_width" value="8" description="" />
   <keyValuePair key="c_s_axis_video_format" value="2" description="" />
   <keyValuePair key="c_s_axis_video_tdata_width" value="24" description="" />
   <keyValuePair key="c_ymax" value="240" description="" />
   <keyValuePair key="c_ymin" value="16" description="" />
   <keyValuePair key="c_yoffset" value="16" description="" />
   <keyValuePair key="iptotal" value="1" description="" />
   <keyValuePair key="x_ipcorerevision" value="0" description="" />
   <keyValuePair key="x_iplanguage" value="VERILOG" description="" />
   <keyValuePair key="x_iplibrary" value="ip" description="" />
   <keyValuePair key="x_iplicense" value="v_rgb2ycrcb@2013.10(bought)" description="" />
   <keyValuePair key="x_ipname" value="v_rgb2ycrcb" description="" />
   <keyValuePair key="x_ipproduct" value="Vivado 2013.3" description="" />
   <keyValuePair key="x_ipvendor" value="xilinx.com" description="" />
   <keyValuePair key="x_ipversion" value="7.1" description="" />
  </section>
  <section name="v_tc/1" level="2" order="15" description="">
   <keyValuePair key="c_det_achroma_en" value="0" description="" />
   <keyValuePair key="c_det_avideo_en" value="1" description="" />
   <keyValuePair key="c_det_hblank_en" value="1" description="" />
   <keyValuePair key="c_det_hsync_en" value="1" description="" />
   <keyValuePair key="c_det_vblank_en" value="1" description="" />
   <keyValuePair key="c_det_vsync_en" value="1" description="" />
   <keyValuePair key="c_detect_en" value="0" description="" />
   <keyValuePair key="c_family" value="zynq" description="" />
   <keyValuePair key="c_fsync_hstart0" value="0" description="" />
   <keyValuePair key="c_fsync_hstart1" value="0" description="" />
   <keyValuePair key="c_fsync_hstart10" value="0" description="" />
   <keyValuePair key="c_fsync_hstart11" value="0" description="" />
   <keyValuePair key="c_fsync_hstart12" value="0" description="" />
   <keyValuePair key="c_fsync_hstart13" value="0" description="" />
   <keyValuePair key="c_fsync_hstart14" value="0" description="" />
   <keyValuePair key="c_fsync_hstart15" value="0" description="" />
   <keyValuePair key="c_fsync_hstart2" value="0" description="" />
   <keyValuePair key="c_fsync_hstart3" value="0" description="" />
   <keyValuePair key="c_fsync_hstart4" value="0" description="" />
   <keyValuePair key="c_fsync_hstart5" value="0" description="" />
   <keyValuePair key="c_fsync_hstart6" value="0" description="" />
   <keyValuePair key="c_fsync_hstart7" value="0" description="" />
   <keyValuePair key="c_fsync_hstart8" value="0" description="" />
   <keyValuePair key="c_fsync_hstart9" value="0" description="" />
   <keyValuePair key="c_fsync_vstart0" value="0" description="" />
   <keyValuePair key="c_fsync_vstart1" value="0" description="" />
   <keyValuePair key="c_fsync_vstart10" value="0" description="" />
   <keyValuePair key="c_fsync_vstart11" value="0" description="" />
   <keyValuePair key="c_fsync_vstart12" value="0" description="" />
   <keyValuePair key="c_fsync_vstart13" value="0" description="" />
   <keyValuePair key="c_fsync_vstart14" value="0" description="" />
   <keyValuePair key="c_fsync_vstart15" value="0" description="" />
   <keyValuePair key="c_fsync_vstart2" value="0" description="" />
   <keyValuePair key="c_fsync_vstart3" value="0" description="" />
   <keyValuePair key="c_fsync_vstart4" value="0" description="" />
   <keyValuePair key="c_fsync_vstart5" value="0" description="" />
   <keyValuePair key="c_fsync_vstart6" value="0" description="" />
   <keyValuePair key="c_fsync_vstart7" value="0" description="" />
   <keyValuePair key="c_fsync_vstart8" value="0" description="" />
   <keyValuePair key="c_fsync_vstart9" value="0" description="" />
   <keyValuePair key="c_gen_achroma_en" value="0" description="" />
   <keyValuePair key="c_gen_achroma_polarity" value="1" description="" />
   <keyValuePair key="c_gen_auto_switch" value="0" description="" />
   <keyValuePair key="c_gen_avideo_en" value="1" description="" />
   <keyValuePair key="c_gen_avideo_polarity" value="1" description="" />
   <keyValuePair key="c_gen_cparity" value="0" description="" />
   <keyValuePair key="c_gen_f0_vblank_hend" value="1920" description="" />
   <keyValuePair key="c_gen_f0_vblank_hstart" value="1920" description="" />
   <keyValuePair key="c_gen_f0_vframe_size" value="1125" description="" />
   <keyValuePair key="c_gen_f0_vsync_hend" value="1920" description="" />
   <keyValuePair key="c_gen_f0_vsync_hstart" value="1920" description="" />
   <keyValuePair key="c_gen_f0_vsync_vend" value="1088" description="" />
   <keyValuePair key="c_gen_f0_vsync_vstart" value="1083" description="" />
   <keyValuePair key="c_gen_hactive_size" value="1920" description="" />
   <keyValuePair key="c_gen_hblank_en" value="1" description="" />
   <keyValuePair key="c_gen_hblank_polarity" value="1" description="" />
   <keyValuePair key="c_gen_hframe_size" value="2200" description="" />
   <keyValuePair key="c_gen_hsync_en" value="1" description="" />
   <keyValuePair key="c_gen_hsync_end" value="2052" description="" />
   <keyValuePair key="c_gen_hsync_polarity" value="1" description="" />
   <keyValuePair key="c_gen_hsync_start" value="2008" description="" />
   <keyValuePair key="c_gen_vactive_size" value="1080" description="" />
   <keyValuePair key="c_gen_vblank_en" value="1" description="" />
   <keyValuePair key="c_gen_vblank_polarity" value="1" description="" />
   <keyValuePair key="c_gen_video_format" value="2" description="" />
   <keyValuePair key="c_gen_vsync_en" value="1" description="" />
   <keyValuePair key="c_gen_vsync_polarity" value="1" description="" />
   <keyValuePair key="c_generate_en" value="1" description="" />
   <keyValuePair key="c_has_axi4_lite" value="1" description="" />
   <keyValuePair key="c_has_intc_if" value="0" description="" />
   <keyValuePair key="c_max_lines" value="4096" description="" />
   <keyValuePair key="c_max_pixels" value="4096" description="" />
   <keyValuePair key="c_num_fsyncs" value="1" description="" />
   <keyValuePair key="c_sync_en" value="0" description="" />
   <keyValuePair key="iptotal" value="1" description="" />
   <keyValuePair key="x_ipcorerevision" value="2" description="" />
   <keyValuePair key="x_iplanguage" value="VERILOG" description="" />
   <keyValuePair key="x_iplibrary" value="ip" description="" />
   <keyValuePair key="x_iplicense" value="v_tc@2013.03(bought)" description="" />
   <keyValuePair key="x_ipname" value="v_tc" description="" />
   <keyValuePair key="x_ipproduct" value="Vivado 2013.3" description="" />
   <keyValuePair key="x_ipvendor" value="xilinx.com" description="" />
   <keyValuePair key="x_ipversion" value="6.0" description="" />
  </section>
  <section name="xlconstant/1" level="2" order="16" description="">
   <keyValuePair key="const_val" value="0" description="" />
   <keyValuePair key="const_width" value="1" description="" />
   <keyValuePair key="iptotal" value="1" description="" />
   <keyValuePair key="x_ipcorerevision" value="-1" description="" />
   <keyValuePair key="x_iplanguage" value="VERILOG" description="" />
   <keyValuePair key="x_iplibrary" value="ip" description="" />
   <keyValuePair key="x_ipname" value="xlconstant" description="" />
   <keyValuePair key="x_ipproduct" value="Vivado 2013.3" description="" />
   <keyValuePair key="x_ipvendor" value="xilinx.com" description="" />
   <keyValuePair key="x_ipversion" value="1.0" description="" />
  </section>
  <section name="xlconstant/2" level="2" order="17" description="">
   <keyValuePair key="const_val" value="1" description="" />
   <keyValuePair key="const_width" value="1" description="" />
   <keyValuePair key="iptotal" value="1" description="" />
   <keyValuePair key="x_ipcorerevision" value="-1" description="" />
   <keyValuePair key="x_iplanguage" value="VERILOG" description="" />
   <keyValuePair key="x_iplibrary" value="ip" description="" />
   <keyValuePair key="x_ipname" value="xlconstant" description="" />
   <keyValuePair key="x_ipproduct" value="Vivado 2013.3" description="" />
   <keyValuePair key="x_ipvendor" value="xilinx.com" description="" />
   <keyValuePair key="x_ipversion" value="1.0" description="" />
  </section>
 </section>
 <section name="placer" level="1" order="4" description="">
  <section name="usage" level="2" order="1" description="">
   <keyValuePair key="bogomips" value="3990" description="" />
   <keyValuePair key="bram36" value="7" description="" />
   <keyValuePair key="bufg" value="0" description="" />
   <keyValuePair key="bufr" value="0" description="" />
   <keyValuePair key="dsp" value="7" description="" />
   <keyValuePair key="effort" value="2" description="" />
   <keyValuePair key="ff" value="5445" description="" />
   <keyValuePair key="global_clocks" value="5" description="" />
   <keyValuePair key="iob" value="23" description="" />
   <keyValuePair key="lut" value="4429" description="" />
   <keyValuePair key="movable_instances" value="11183" description="" />
   <keyValuePair key="nets" value="12858" description="" />
   <keyValuePair key="pins" value="68659" description="" />
   <keyValuePair key="placer_runtime" value="88.280000" description="" />
   <keyValuePair key="placer_timing_driven" value="1" description="" />
   <keyValuePair key="pll" value="0" description="" />
   <keyValuePair key="threads" value="2" description="" />
   <keyValuePair key="timing_constraints_exist" value="1" description="" />
  </section>
 </section>
 <section name="power_opt_design" level="1" order="5" description="">
  <section name="command_line_options_spo" level="2" order="1" description="">
   <keyValuePair key="-cell_types" value="default::all" description="" />
   <keyValuePair key="-clocks" value="default::[not_specified]" description="" />
   <keyValuePair key="-exclude_cells" value="default::[not_specified]" description="" />
   <keyValuePair key="-include_cells" value="default::[not_specified]" description="" />
  </section>
  <section name="usage" level="2" order="2" description="">
   <keyValuePair key="bram_ports_augmented" value="0" description="" />
   <keyValuePair key="bram_ports_newly_gated" value="0" description="" />
   <keyValuePair key="bram_ports_total" value="6" description="" />
   <keyValuePair key="flow_state" value="default" description="" />
   <keyValuePair key="slice_registers_augmented" value="0" description="" />
   <keyValuePair key="slice_registers_newly_gated" value="0" description="" />
   <keyValuePair key="slice_registers_total" value="5445" description="" />
   <keyValuePair key="srls_augmented" value="0" description="" />
   <keyValuePair key="srls_newly_gated" value="0" description="" />
   <keyValuePair key="srls_total" value="300" description="" />
  </section>
 </section>
 <section name="report_power" level="1" order="6" description="">
  <section name="command_line_options" level="2" order="1" description="">
   <keyValuePair key="-append" value="default::[not_specified]" description="" />
   <keyValuePair key="-file" value="[specified]" description="" />
   <keyValuePair key="-format" value="default::text" description="" />
   <keyValuePair key="-hier" value="default::power" description="" />
   <keyValuePair key="-l" value="default::[not_specified]" description="" />
   <keyValuePair key="-name" value="default::[not_specified]" description="" />
   <keyValuePair key="-no_propagation" value="default::[not_specified]" description="" />
   <keyValuePair key="-return_string" value="default::[not_specified]" description="" />
   <keyValuePair key="-verbose" value="default::[not_specified]" description="" />
   <keyValuePair key="-vid" value="default::[not_specified]" description="" />
   <keyValuePair key="-xpe" value="default::[not_specified]" description="" />
  </section>
  <section name="usage" level="2" order="2" description="">
   <keyValuePair key="airflow" value="250 (LFM)" description="" />
   <keyValuePair key="ambient_temp" value="25.0 (C)" description="" />
   <keyValuePair key="bi-dir_toggle" value="12.500000" description="" />
   <keyValuePair key="bidir_output_enable" value="1.000000" description="" />
   <keyValuePair key="board_layers" value="8to11 (8 to 11 Layers)" description="" />
   <keyValuePair key="board_selection" value="medium (10&quot;x10&quot;)" description="" />
   <keyValuePair key="bram" value="0.006287" description="" />
   <keyValuePair key="clocks" value="0.039704" description="" />
   <keyValuePair key="confidence_level_clock_activity" value="Low" description="" />
   <keyValuePair key="confidence_level_design_state" value="High" description="" />
   <keyValuePair key="confidence_level_device_models" value="High" description="" />
   <keyValuePair key="confidence_level_internal_activity" value="Medium" description="" />
   <keyValuePair key="confidence_level_io_activity" value="High" description="" />
   <keyValuePair key="confidence_level_overall" value="Low" description="" />
   <keyValuePair key="customer" value="TBD" description="" />
   <keyValuePair key="customer_class" value="TBD" description="" />
   <keyValuePair key="devstatic" value="0.151243" description="" />
   <keyValuePair key="die" value="xc7z020clg484-1" description="" />
   <keyValuePair key="dsp" value="0.003086" description="" />
   <keyValuePair key="dsp_output_toggle" value="12.500000" description="" />
   <keyValuePair key="dynamic" value="1.494056" description="" />
   <keyValuePair key="effective_thetaja" value="11.5" description="" />
   <keyValuePair key="enable_probability" value="0.990000" description="" />
   <keyValuePair key="family" value="zynq" description="" />
   <keyValuePair key="ff_toggle" value="12.500000" description="" />
   <keyValuePair key="flow_state" value="routed" description="" />
   <keyValuePair key="heatsink" value="none" description="" />
   <keyValuePair key="i/o" value="0.000227" description="" />
   <keyValuePair key="input_toggle" value="12.500000" description="" />
   <keyValuePair key="junction_temp" value="44.0 (C)" description="" />
   <keyValuePair key="logic" value="0.007857" description="" />
   <keyValuePair key="mgtavcc_dynamic_current" value="0.000000" description="" />
   <keyValuePair key="mgtavcc_static_current" value="0.000000" description="" />
   <keyValuePair key="mgtavcc_total_current" value="0.000000" description="" />
   <keyValuePair key="mgtavcc_voltage" value="1.000000" description="" />
   <keyValuePair key="mgtavtt_dynamic_current" value="0.000000" description="" />
   <keyValuePair key="mgtavtt_static_current" value="0.000000" description="" />
   <keyValuePair key="mgtavtt_total_current" value="0.000000" description="" />
   <keyValuePair key="mgtavtt_voltage" value="1.200000" description="" />
   <keyValuePair key="mgtvccaux_dynamic_current" value="0.000000" description="" />
   <keyValuePair key="mgtvccaux_static_current" value="0.000000" description="" />
   <keyValuePair key="mgtvccaux_total_current" value="0.000000" description="" />
   <keyValuePair key="mgtvccaux_voltage" value="1.800000" description="" />
   <keyValuePair key="mmcm" value="0.116734" description="" />
   <keyValuePair key="netlist_net_matched" value="NA" description="" />
   <keyValuePair key="off-chip_power" value="0.120750" description="" />
   <keyValuePair key="on-chip_power" value="1.645299" description="" />
   <keyValuePair key="output_enable" value="1.000000" description="" />
   <keyValuePair key="output_load" value="5.000000" description="" />
   <keyValuePair key="output_toggle" value="12.500000" description="" />
   <keyValuePair key="package" value="clg484" description="" />
   <keyValuePair key="pct_clock_constrained" value="100" description="" />
   <keyValuePair key="pct_inputs_defined" value="100" description="" />
   <keyValuePair key="platform" value="lin" description="" />
   <keyValuePair key="process" value="typical" description="" />
   <keyValuePair key="ps7" value="1.307343" description="" />
   <keyValuePair key="ram_enable" value="50.000000" description="" />
   <keyValuePair key="ram_write" value="50.000000" description="" />
   <keyValuePair key="set/reset_probability" value="0.000000" description="" />
   <keyValuePair key="signals" value="0.012818" description="" />
   <keyValuePair key="simulation_file" value="None" description="" />
   <keyValuePair key="speedgrade" value="-1" description="" />
   <keyValuePair key="temp_grade" value="commercial" description="" />
   <keyValuePair key="thetajb" value="7.4 (C/W)" description="" />
   <keyValuePair key="thetasa" value="0.0 (C/W)" description="" />
   <keyValuePair key="user_board_temp" value="25.0 (C)" description="" />
   <keyValuePair key="user_effective_thetaja" value="11.533192" description="" />
   <keyValuePair key="user_junc_temp" value="44.0 (C)" description="" />
   <keyValuePair key="user_thetajb" value="7.4 (C/W)" description="" />
   <keyValuePair key="user_thetasa" value="0.0 (C/W)" description="" />
   <keyValuePair key="vccadc_dynamic_current" value="0.000000" description="" />
   <keyValuePair key="vccadc_static_current" value="0.020000" description="" />
   <keyValuePair key="vccadc_total_current" value="0.020000" description="" />
   <keyValuePair key="vccadc_voltage" value="1.800000" description="" />
   <keyValuePair key="vccaux_dynamic_current" value="0.064650" description="" />
   <keyValuePair key="vccaux_io_dynamic_current" value="0.000000" description="" />
   <keyValuePair key="vccaux_io_static_current" value="0.000000" description="" />
   <keyValuePair key="vccaux_io_total_current" value="0.000000" description="" />
   <keyValuePair key="vccaux_io_voltage" value="1.800000" description="" />
   <keyValuePair key="vccaux_static_current" value="0.020456" description="" />
   <keyValuePair key="vccaux_total_current" value="0.085107" description="" />
   <keyValuePair key="vccaux_voltage" value="1.800000" description="" />
   <keyValuePair key="vccbram_dynamic_current" value="0.000310" description="" />
   <keyValuePair key="vccbram_static_current" value="0.001053" description="" />
   <keyValuePair key="vccbram_total_current" value="0.001364" description="" />
   <keyValuePair key="vccbram_voltage" value="1.000000" description="" />
   <keyValuePair key="vccint_dynamic_current" value="0.070032" description="" />
   <keyValuePair key="vccint_static_current" value="0.014643" description="" />
   <keyValuePair key="vccint_total_current" value="0.084675" description="" />
   <keyValuePair key="vccint_voltage" value="1.000000" description="" />
   <keyValuePair key="vcco12_dynamic_current" value="0.000000" description="" />
   <keyValuePair key="vcco12_static_current" value="0.000000" description="" />
   <keyValuePair key="vcco12_total_current" value="0.000000" description="" />
   <keyValuePair key="vcco12_voltage" value="1.200000" description="" />
   <keyValuePair key="vcco135_dynamic_current" value="0.000000" description="" />
   <keyValuePair key="vcco135_static_current" value="0.000000" description="" />
   <keyValuePair key="vcco135_total_current" value="0.000000" description="" />
   <keyValuePair key="vcco135_voltage" value="1.350000" description="" />
   <keyValuePair key="vcco15_dynamic_current" value="0.000000" description="" />
   <keyValuePair key="vcco15_static_current" value="0.000000" description="" />
   <keyValuePair key="vcco15_total_current" value="0.000000" description="" />
   <keyValuePair key="vcco15_voltage" value="1.500000" description="" />
   <keyValuePair key="vcco18_dynamic_current" value="0.000000" description="" />
   <keyValuePair key="vcco18_static_current" value="0.000000" description="" />
   <keyValuePair key="vcco18_total_current" value="0.000000" description="" />
   <keyValuePair key="vcco18_voltage" value="1.800000" description="" />
   <keyValuePair key="vcco25_dynamic_current" value="0.000000" description="" />
   <keyValuePair key="vcco25_static_current" value="0.001000" description="" />
   <keyValuePair key="vcco25_total_current" value="0.001000" description="" />
   <keyValuePair key="vcco25_voltage" value="2.500000" description="" />
   <keyValuePair key="vcco33_dynamic_current" value="0.000000" description="" />
   <keyValuePair key="vcco33_static_current" value="0.000000" description="" />
   <keyValuePair key="vcco33_total_current" value="0.000000" description="" />
   <keyValuePair key="vcco33_voltage" value="3.300000" description="" />
   <keyValuePair key="vcco_ddr_dynamic_current" value="0.508750" description="" />
   <keyValuePair key="vcco_ddr_static_current" value="0.002000" description="" />
   <keyValuePair key="vcco_ddr_total_current" value="0.510750" description="" />
   <keyValuePair key="vcco_ddr_voltage" value="1.500000" description="" />
   <keyValuePair key="vcco_mio0_dynamic_current" value="0.002750" description="" />
   <keyValuePair key="vcco_mio0_static_current" value="0.001000" description="" />
   <keyValuePair key="vcco_mio0_total_current" value="0.003750" description="" />
   <keyValuePair key="vcco_mio0_voltage" value="1.800000" description="" />
   <keyValuePair key="vcco_mio1_dynamic_current" value="0.002187" description="" />
   <keyValuePair key="vcco_mio1_static_current" value="0.001000" description="" />
   <keyValuePair key="vcco_mio1_total_current" value="0.003187" description="" />
   <keyValuePair key="vcco_mio1_voltage" value="1.800000" description="" />
   <keyValuePair key="vccpaux_dynamic_current" value="0.034349" description="" />
   <keyValuePair key="vccpaux_static_current" value="0.010330" description="" />
   <keyValuePair key="vccpaux_total_current" value="0.044679" description="" />
   <keyValuePair key="vccpaux_voltage" value="1.800000" description="" />
   <keyValuePair key="vccpint_dynamic_current" value="0.390852" description="" />
   <keyValuePair key="vccpint_static_current" value="0.029631" description="" />
   <keyValuePair key="vccpint_total_current" value="0.420483" description="" />
   <keyValuePair key="vccpint_voltage" value="1.000000" description="" />
   <keyValuePair key="vccpll_dynamic_current" value="0.113000" description="" />
   <keyValuePair key="vccpll_static_current" value="0.003000" description="" />
   <keyValuePair key="vccpll_total_current" value="0.116000" description="" />
   <keyValuePair key="vccpll_voltage" value="1.800000" description="" />
   <keyValuePair key="version" value="2013.3" description="" />
  </section>
 </section>
 <section name="report_utilization" level="1" order="7" description="">
  <section name="clocking" level="2" order="1" description="">
   <keyValuePair key="bufgctrl_available" value="32" description="" />
   <keyValuePair key="bufgctrl_loced" value="0" description="" />
   <keyValuePair key="bufgctrl_used" value="5" description="" />
   <keyValuePair key="bufgctrl_util_percentage" value="15.62" description="" />
   <keyValuePair key="bufhce_available" value="72" description="" />
   <keyValuePair key="bufhce_loced" value="0" description="" />
   <keyValuePair key="bufhce_used" value="0" description="" />
   <keyValuePair key="bufhce_util_percentage" value="0.00" description="" />
   <keyValuePair key="bufio_available" value="16" description="" />
   <keyValuePair key="bufio_loced" value="0" description="" />
   <keyValuePair key="bufio_used" value="0" description="" />
   <keyValuePair key="bufio_util_percentage" value="0.00" description="" />
   <keyValuePair key="bufmrce_available" value="8" description="" />
   <keyValuePair key="bufmrce_loced" value="0" description="" />
   <keyValuePair key="bufmrce_used" value="0" description="" />
   <keyValuePair key="bufmrce_util_percentage" value="0.00" description="" />
   <keyValuePair key="bufr_available" value="16" description="" />
   <keyValuePair key="bufr_loced" value="0" description="" />
   <keyValuePair key="bufr_used" value="0" description="" />
   <keyValuePair key="bufr_util_percentage" value="0.00" description="" />
   <keyValuePair key="mmcme2_adv_available" value="4" description="" />
   <keyValuePair key="mmcme2_adv_loced" value="0" description="" />
   <keyValuePair key="mmcme2_adv_used" value="1" description="" />
   <keyValuePair key="mmcme2_adv_util_percentage" value="25.00" description="" />
   <keyValuePair key="plle2_adv_available" value="4" description="" />
   <keyValuePair key="plle2_adv_loced" value="0" description="" />
   <keyValuePair key="plle2_adv_used" value="0" description="" />
   <keyValuePair key="plle2_adv_util_percentage" value="0.00" description="" />
  </section>
  <section name="dsp" level="2" order="2" description="">
   <keyValuePair key="dsp48e1_only_used" value="7" description="" />
   <keyValuePair key="dsps_available" value="220" description="" />
   <keyValuePair key="dsps_loced" value="0" description="" />
   <keyValuePair key="dsps_used" value="7" description="" />
   <keyValuePair key="dsps_util_percentage" value="3.18" description="" />
  </section>
  <section name="io_and_gtx" level="2" order="3" description="">
   <keyValuePair key="bonded_iob_available" value="200" description="" />
   <keyValuePair key="bonded_iob_loced" value="23" description="" />
   <keyValuePair key="bonded_iob_used" value="23" description="" />
   <keyValuePair key="bonded_iob_util_percentage" value="11.50" description="" />
   <keyValuePair key="bonded_iopads_available" value="130" description="" />
   <keyValuePair key="bonded_iopads_loced" value="0" description="" />
   <keyValuePair key="bonded_iopads_used" value="0" description="" />
   <keyValuePair key="bonded_iopads_util_percentage" value="0.00" description="" />
   <keyValuePair key="bonded_ipads_available" value="2" description="" />
   <keyValuePair key="bonded_ipads_loced" value="0" description="" />
   <keyValuePair key="bonded_ipads_used" value="0" description="" />
   <keyValuePair key="bonded_ipads_util_percentage" value="0.00" description="" />
   <keyValuePair key="ibufds_gte2_available" value="0" description="" />
   <keyValuePair key="ibufds_gte2_loced" value="0" description="" />
   <keyValuePair key="ibufds_gte2_used" value="0" description="" />
   <keyValuePair key="ibufds_gte2_util_percentage" value="0.00" description="" />
   <keyValuePair key="ibufgds_available" value="192" description="" />
   <keyValuePair key="ibufgds_loced" value="0" description="" />
   <keyValuePair key="ibufgds_used" value="0" description="" />
   <keyValuePair key="ibufgds_util_percentage" value="0.00" description="" />
   <keyValuePair key="idelayctrl_available" value="4" description="" />
   <keyValuePair key="idelayctrl_loced" value="0" description="" />
   <keyValuePair key="idelayctrl_used" value="0" description="" />
   <keyValuePair key="idelayctrl_util_percentage" value="0.00" description="" />
   <keyValuePair key="idelaye2_idelaye2_finedelay_available" value="200" description="" />
   <keyValuePair key="idelaye2_idelaye2_finedelay_loced" value="0" description="" />
   <keyValuePair key="idelaye2_idelaye2_finedelay_used" value="0" description="" />
   <keyValuePair key="idelaye2_idelaye2_finedelay_util_percentage" value="0.00" description="" />
   <keyValuePair key="ilogic_available" value="200" description="" />
   <keyValuePair key="ilogic_loced" value="0" description="" />
   <keyValuePair key="ilogic_used" value="0" description="" />
   <keyValuePair key="ilogic_util_percentage" value="0.00" description="" />
   <keyValuePair key="in_fifo_available" value="16" description="" />
   <keyValuePair key="in_fifo_loced" value="0" description="" />
   <keyValuePair key="in_fifo_used" value="0" description="" />
   <keyValuePair key="in_fifo_util_percentage" value="0.00" description="" />
   <keyValuePair key="iob_flip_flops_loced" value="19" description="" />
   <keyValuePair key="iob_flip_flops_used" value="19" description="" />
   <keyValuePair key="iob_master_pads_loced" value="" description="" />
   <keyValuePair key="iob_master_pads_used" value="10" description="" />
   <keyValuePair key="iob_slave_pads_loced" value="" description="" />
   <keyValuePair key="iob_slave_pads_used" value="13" description="" />
   <keyValuePair key="odelaye2_odelaye2_finedelay_available" value="0" description="" />
   <keyValuePair key="odelaye2_odelaye2_finedelay_loced" value="0" description="" />
   <keyValuePair key="odelaye2_odelaye2_finedelay_used" value="0" description="" />
   <keyValuePair key="odelaye2_odelaye2_finedelay_util_percentage" value="0.00" description="" />
   <keyValuePair key="ologic_available" value="200" description="" />
   <keyValuePair key="ologic_loced" value="20" description="" />
   <keyValuePair key="ologic_used" value="20" description="" />
   <keyValuePair key="ologic_util_percentage" value="10.00" description="" />
   <keyValuePair key="out_fifo_available" value="16" description="" />
   <keyValuePair key="out_fifo_loced" value="0" description="" />
   <keyValuePair key="out_fifo_used" value="0" description="" />
   <keyValuePair key="out_fifo_util_percentage" value="0.00" description="" />
   <keyValuePair key="outff_oddr_register_loced" value="1" description="" />
   <keyValuePair key="outff_oddr_register_used" value="1" description="" />
   <keyValuePair key="outff_register_loced" value="19" description="" />
   <keyValuePair key="outff_register_used" value="19" description="" />
   <keyValuePair key="phaser_in_phaser_in_phy_available" value="16" description="" />
   <keyValuePair key="phaser_in_phaser_in_phy_loced" value="0" description="" />
   <keyValuePair key="phaser_in_phaser_in_phy_used" value="0" description="" />
   <keyValuePair key="phaser_in_phaser_in_phy_util_percentage" value="0.00" description="" />
   <keyValuePair key="phaser_out_phaser_out_phy_available" value="16" description="" />
   <keyValuePair key="phaser_out_phaser_out_phy_loced" value="0" description="" />
   <keyValuePair key="phaser_out_phaser_out_phy_used" value="0" description="" />
   <keyValuePair key="phaser_out_phaser_out_phy_util_percentage" value="0.00" description="" />
   <keyValuePair key="phaser_ref_available" value="4" description="" />
   <keyValuePair key="phaser_ref_loced" value="0" description="" />
   <keyValuePair key="phaser_ref_used" value="0" description="" />
   <keyValuePair key="phaser_ref_util_percentage" value="0.00" description="" />
   <keyValuePair key="phy_control_available" value="4" description="" />
   <keyValuePair key="phy_control_loced" value="0" description="" />
   <keyValuePair key="phy_control_used" value="0" description="" />
   <keyValuePair key="phy_control_util_percentage" value="0.00" description="" />
   <keyValuePair key="tff_oddr_register_loced" value="1" description="" />
   <keyValuePair key="tff_oddr_register_used" value="1" description="" />
  </section>
  <section name="io_standard" level="2" order="4" description="">
   <keyValuePair key="blvds_25" value="0" description="" />
   <keyValuePair key="diff_hstl_i" value="0" description="" />
   <keyValuePair key="diff_hstl_i_18" value="0" description="" />
   <keyValuePair key="diff_hstl_ii" value="0" description="" />
   <keyValuePair key="diff_hstl_ii_18" value="0" description="" />
   <keyValuePair key="diff_hsul_12" value="0" description="" />
   <keyValuePair key="diff_mobile_ddr" value="0" description="" />
   <keyValuePair key="diff_sstl135" value="0" description="" />
   <keyValuePair key="diff_sstl135_r" value="0" description="" />
   <keyValuePair key="diff_sstl15" value="1" description="" />
   <keyValuePair key="diff_sstl15_r" value="0" description="" />
   <keyValuePair key="diff_sstl18_i" value="0" description="" />
   <keyValuePair key="diff_sstl18_ii" value="0" description="" />
   <keyValuePair key="hstl_i" value="0" description="" />
   <keyValuePair key="hstl_i_18" value="0" description="" />
   <keyValuePair key="hstl_ii" value="0" description="" />
   <keyValuePair key="hstl_ii_18" value="0" description="" />
   <keyValuePair key="hsul_12" value="0" description="" />
   <keyValuePair key="lvcmos12" value="0" description="" />
   <keyValuePair key="lvcmos15" value="0" description="" />
   <keyValuePair key="lvcmos18" value="1" description="" />
   <keyValuePair key="lvcmos25" value="1" description="" />
   <keyValuePair key="lvcmos33" value="1" description="" />
   <keyValuePair key="lvds_25" value="0" description="" />
   <keyValuePair key="lvttl" value="0" description="" />
   <keyValuePair key="mini_lvds_25" value="0" description="" />
   <keyValuePair key="mobile_ddr" value="0" description="" />
   <keyValuePair key="pci33_3" value="0" description="" />
   <keyValuePair key="ppds_25" value="0" description="" />
   <keyValuePair key="rsds_25" value="0" description="" />
   <keyValuePair key="sstl135" value="0" description="" />
   <keyValuePair key="sstl135_r" value="0" description="" />
   <keyValuePair key="sstl15" value="1" description="" />
   <keyValuePair key="sstl15_r" value="0" description="" />
   <keyValuePair key="sstl18_i" value="0" description="" />
   <keyValuePair key="sstl18_ii" value="0" description="" />
   <keyValuePair key="tmds_33" value="0" description="" />
  </section>
  <section name="memory" level="2" order="5" description="">
   <keyValuePair key="block_ram_tile_available" value="140" description="" />
   <keyValuePair key="block_ram_tile_loced" value="0" description="" />
   <keyValuePair key="block_ram_tile_used" value="7.5" description="" />
   <keyValuePair key="block_ram_tile_util_percentage" value="5.00" description="" />
   <keyValuePair key="fifo36e1_only_used" value="5" description="" />
   <keyValuePair key="ramb18_available" value="280" description="" />
   <keyValuePair key="ramb18_loced" value="0" description="" />
   <keyValuePair key="ramb18_used" value="1" description="" />
   <keyValuePair key="ramb18_util_percentage" value="0.35" description="" />
   <keyValuePair key="ramb18e1_only_used" value="1" description="" />
   <keyValuePair key="ramb36_fifo*_available" value="140" description="" />
   <keyValuePair key="ramb36_fifo*_loced" value="0" description="" />
   <keyValuePair key="ramb36_fifo*_used" value="7" description="" />
   <keyValuePair key="ramb36_fifo*_util_percentage" value="5.00" description="" />
   <keyValuePair key="ramb36e1_only_used" value="2" description="" />
  </section>
  <section name="primitives" level="2" order="6" description="">
   <keyValuePair key="bibuf_used" value="130" description="" />
   <keyValuePair key="bufg_used" value="5" description="" />
   <keyValuePair key="carry4_used" value="186" description="" />
   <keyValuePair key="dsp48e1_used" value="7" description="" />
   <keyValuePair key="fdce_used" value="22" description="" />
   <keyValuePair key="fdpe_used" value="12" description="" />
   <keyValuePair key="fdre_used" value="5185" description="" />
   <keyValuePair key="fdse_used" value="226" description="" />
   <keyValuePair key="fifo36e1_used" value="5" description="" />
   <keyValuePair key="ibuf_used" value="2" description="" />
   <keyValuePair key="lut1_used" value="139" description="" />
   <keyValuePair key="lut2_used" value="694" description="" />
   <keyValuePair key="lut3_used" value="940" description="" />
   <keyValuePair key="lut4_used" value="531" description="" />
   <keyValuePair key="lut5_used" value="919" description="" />
   <keyValuePair key="lut6_used" value="1553" description="" />
   <keyValuePair key="mmcme2_adv_used" value="1" description="" />
   <keyValuePair key="muxf7_used" value="73" description="" />
   <keyValuePair key="obuft_used" value="23" description="" />
   <keyValuePair key="oddr_used" value="2" description="" />
   <keyValuePair key="ps7_used" value="1" description="" />
   <keyValuePair key="ramb18e1_used" value="1" description="" />
   <keyValuePair key="ramb36e1_used" value="2" description="" />
   <keyValuePair key="ramd32_used" value="110" description="" />
   <keyValuePair key="rams32_used" value="36" description="" />
   <keyValuePair key="rams64e_used" value="1" description="" />
   <keyValuePair key="srl16e_used" value="253" description="" />
   <keyValuePair key="srlc32e_used" value="47" description="" />
  </section>
  <section name="slice_logic" level="2" order="7" description="">
   <keyValuePair key="f7_muxes_available" value="26600" description="" />
   <keyValuePair key="f7_muxes_loced" value="0" description="" />
   <keyValuePair key="f7_muxes_used" value="73" description="" />
   <keyValuePair key="f7_muxes_util_percentage" value="0.27" description="" />
   <keyValuePair key="f8_muxes_available" value="13300" description="" />
   <keyValuePair key="f8_muxes_loced" value="0" description="" />
   <keyValuePair key="f8_muxes_used" value="0" description="" />
   <keyValuePair key="f8_muxes_util_percentage" value="0.00" description="" />
   <keyValuePair key="fully_used_lut_ff_pairs_loced" value="" description="" />
   <keyValuePair key="fully_used_lut_ff_pairs_used" value="3136" description="" />
   <keyValuePair key="lut_as_distributed_ram_loced" value="0" description="" />
   <keyValuePair key="lut_as_distributed_ram_loced" value="0" description="" />
   <keyValuePair key="lut_as_distributed_ram_used" value="75" description="" />
   <keyValuePair key="lut_as_distributed_ram_used" value="75" description="" />
   <keyValuePair key="lut_as_logic_available" value="53200" description="" />
   <keyValuePair key="lut_as_logic_available" value="53200" description="" />
   <keyValuePair key="lut_as_logic_loced" value="0" description="" />
   <keyValuePair key="lut_as_logic_loced" value="0" description="" />
   <keyValuePair key="lut_as_logic_used" value="4046" description="" />
   <keyValuePair key="lut_as_logic_used" value="4046" description="" />
   <keyValuePair key="lut_as_logic_util_percentage" value="7.60" description="" />
   <keyValuePair key="lut_as_logic_util_percentage" value="7.60" description="" />
   <keyValuePair key="lut_as_memory_available" value="17400" description="" />
   <keyValuePair key="lut_as_memory_available" value="17400" description="" />
   <keyValuePair key="lut_as_memory_loced" value="0" description="" />
   <keyValuePair key="lut_as_memory_loced" value="0" description="" />
   <keyValuePair key="lut_as_memory_used" value="300" description="" />
   <keyValuePair key="lut_as_memory_used" value="300" description="" />
   <keyValuePair key="lut_as_memory_util_percentage" value="1.72" description="" />
   <keyValuePair key="lut_as_memory_util_percentage" value="1.72" description="" />
   <keyValuePair key="lut_as_shift_register_loced" value="0" description="" />
   <keyValuePair key="lut_as_shift_register_loced" value="0" description="" />
   <keyValuePair key="lut_as_shift_register_used" value="225" description="" />
   <keyValuePair key="lut_as_shift_register_used" value="225" description="" />
   <keyValuePair key="lut_ff_pairs_with_unused_flip_flop_loced" value="" description="" />
   <keyValuePair key="lut_ff_pairs_with_unused_flip_flop_used" value="1131" description="" />
   <keyValuePair key="lut_ff_pairs_with_unused_lut_loced" value="" description="" />
   <keyValuePair key="lut_ff_pairs_with_unused_lut_used" value="1043" description="" />
   <keyValuePair key="lut_flip_flop_pairs_available" value="53200" description="" />
   <keyValuePair key="lut_flip_flop_pairs_loced" value="0" description="" />
   <keyValuePair key="lut_flip_flop_pairs_used" value="5310" description="" />
   <keyValuePair key="lut_flip_flop_pairs_util_percentage" value="9.98" description="" />
   <keyValuePair key="minimum_number_of_registers_lost_to_control_set_restriction_used" value="574(Lost)" description="" />
   <keyValuePair key="register_as_flip_flop_available" value="106400" description="" />
   <keyValuePair key="register_as_flip_flop_loced" value="0" description="" />
   <keyValuePair key="register_as_flip_flop_used" value="5426" description="" />
   <keyValuePair key="register_as_flip_flop_util_percentage" value="5.09" description="" />
   <keyValuePair key="register_as_latch_available" value="106400" description="" />
   <keyValuePair key="register_as_latch_loced" value="0" description="" />
   <keyValuePair key="register_as_latch_used" value="0" description="" />
   <keyValuePair key="register_as_latch_util_percentage" value="0.00" description="" />
   <keyValuePair key="slice_available" value="13300" description="" />
   <keyValuePair key="slice_loced" value="0" description="" />
   <keyValuePair key="slice_luts_available" value="53200" description="" />
   <keyValuePair key="slice_luts_loced" value="0" description="" />
   <keyValuePair key="slice_luts_used" value="4346" description="" />
   <keyValuePair key="slice_luts_util_percentage" value="8.16" description="" />
   <keyValuePair key="slice_registers_available" value="106400" description="" />
   <keyValuePair key="slice_registers_loced" value="0" description="" />
   <keyValuePair key="slice_registers_used" value="5426" description="" />
   <keyValuePair key="slice_registers_util_percentage" value="5.09" description="" />
   <keyValuePair key="slice_used" value="1786" description="" />
   <keyValuePair key="slice_util_percentage" value="13.42" description="" />
   <keyValuePair key="unique_control_sets_used" value="189" description="" />
   <keyValuePair key="using_o5_and_o6_loced" value="" description="" />
   <keyValuePair key="using_o5_and_o6_loced" value="" description="" />
   <keyValuePair key="using_o5_and_o6_loced" value="" description="" />
   <keyValuePair key="using_o5_and_o6_used" value="72" description="" />
   <keyValuePair key="using_o5_and_o6_used" value="75" description="" />
   <keyValuePair key="using_o5_and_o6_used" value="730" description="" />
   <keyValuePair key="using_o5_output_only_loced" value="" description="" />
   <keyValuePair key="using_o5_output_only_loced" value="" description="" />
   <keyValuePair key="using_o5_output_only_loced" value="" description="" />
   <keyValuePair key="using_o5_output_only_used" value="79" description="" />
   <keyValuePair key="using_o5_output_only_used" value="0" description="" />
   <keyValuePair key="using_o5_output_only_used" value="0" description="" />
   <keyValuePair key="using_o6_output_only_loced" value="" description="" />
   <keyValuePair key="using_o6_output_only_loced" value="" description="" />
   <keyValuePair key="using_o6_output_only_loced" value="" description="" />
   <keyValuePair key="using_o6_output_only_used" value="3316" description="" />
   <keyValuePair key="using_o6_output_only_used" value="3" description="" />
   <keyValuePair key="using_o6_output_only_used" value="71" description="" />
  </section>
  <section name="specific_feature" level="2" order="8" description="">
   <keyValuePair key="bscane2_available" value="4" description="" />
   <keyValuePair key="bscane2_loced" value="0" description="" />
   <keyValuePair key="bscane2_used" value="0" description="" />
   <keyValuePair key="bscane2_util_percentage" value="0.00" description="" />
   <keyValuePair key="capturee2_available" value="1" description="" />
   <keyValuePair key="capturee2_loced" value="0" description="" />
   <keyValuePair key="capturee2_used" value="0" description="" />
   <keyValuePair key="capturee2_util_percentage" value="0.00" description="" />
   <keyValuePair key="dna_port_available" value="1" description="" />
   <keyValuePair key="dna_port_loced" value="0" description="" />
   <keyValuePair key="dna_port_used" value="0" description="" />
   <keyValuePair key="dna_port_util_percentage" value="0.00" description="" />
   <keyValuePair key="efuse_usr_available" value="1" description="" />
   <keyValuePair key="efuse_usr_loced" value="0" description="" />
   <keyValuePair key="efuse_usr_used" value="0" description="" />
   <keyValuePair key="efuse_usr_util_percentage" value="0.00" description="" />
   <keyValuePair key="frame_ecce2_available" value="1" description="" />
   <keyValuePair key="frame_ecce2_loced" value="0" description="" />
   <keyValuePair key="frame_ecce2_used" value="0" description="" />
   <keyValuePair key="frame_ecce2_util_percentage" value="0.00" description="" />
   <keyValuePair key="icape2_available" value="2" description="" />
   <keyValuePair key="icape2_loced" value="0" description="" />
   <keyValuePair key="icape2_used" value="0" description="" />
   <keyValuePair key="icape2_util_percentage" value="0.00" description="" />
   <keyValuePair key="startupe2_available" value="1" description="" />
   <keyValuePair key="startupe2_loced" value="0" description="" />
   <keyValuePair key="startupe2_used" value="0" description="" />
   <keyValuePair key="startupe2_util_percentage" value="0.00" description="" />
   <keyValuePair key="xadc_available" value="1" description="" />
   <keyValuePair key="xadc_loced" value="0" description="" />
   <keyValuePair key="xadc_used" value="0" description="" />
   <keyValuePair key="xadc_util_percentage" value="0.00" description="" />
  </section>
 </section>
 <section name="router" level="1" order="8" description="">
  <section name="usage" level="2" order="1" description="">
   <keyValuePair key="bogomips" value="3990" description="" />
   <keyValuePair key="bram36" value="7" description="" />
   <keyValuePair key="bufg" value="0" description="" />
   <keyValuePair key="bufr" value="0" description="" />
   <keyValuePair key="congestion_level" value="0" description="" />
   <keyValuePair key="dsp" value="7" description="" />
   <keyValuePair key="effort" value="2" description="" />
   <keyValuePair key="ff" value="5445" description="" />
   <keyValuePair key="global_clocks" value="5" description="" />
   <keyValuePair key="high_fanout_nets" value="10" description="" />
   <keyValuePair key="iob" value="23" description="" />
   <keyValuePair key="lut" value="4560" description="" />
   <keyValuePair key="movable_instances" value="11183" description="" />
   <keyValuePair key="nets" value="12858" description="" />
   <keyValuePair key="pins" value="68659" description="" />
   <keyValuePair key="pll" value="0" description="" />
   <keyValuePair key="router_runtime" value="76.140000" description="" />
   <keyValuePair key="router_timing_driven" value="1" description="" />
   <keyValuePair key="threads" value="2" description="" />
   <keyValuePair key="timing_constraints_exist" value="1" description="" />
  </section>
 </section>
 <section name="unisim_transformation" level="1" order="9" description="">
  <section name="post_unisim_transformation" level="2" order="1" description="">
   <keyValuePair key="bibuf" value="130" description="" />
   <keyValuePair key="bufg" value="5" description="" />
   <keyValuePair key="carry4" value="196" description="" />
   <keyValuePair key="dsp48e1" value="7" description="" />
   <keyValuePair key="fdce" value="22" description="" />
   <keyValuePair key="fdpe" value="12" description="" />
   <keyValuePair key="fdre" value="5362" description="" />
   <keyValuePair key="fdse" value="227" description="" />
   <keyValuePair key="fifo36e1" value="5" description="" />
   <keyValuePair key="gnd" value="44" description="" />
   <keyValuePair key="ibuf" value="2" description="" />
   <keyValuePair key="lut1" value="412" description="" />
   <keyValuePair key="lut2" value="692" description="" />
   <keyValuePair key="lut3" value="941" description="" />
   <keyValuePair key="lut4" value="503" description="" />
   <keyValuePair key="lut5" value="963" description="" />
   <keyValuePair key="lut6" value="1687" description="" />
   <keyValuePair key="mmcme2_adv" value="1" description="" />
   <keyValuePair key="muxf7" value="73" description="" />
   <keyValuePair key="obuft" value="23" description="" />
   <keyValuePair key="oddr" value="2" description="" />
   <keyValuePair key="ps7" value="1" description="" />
   <keyValuePair key="ramb18e1" value="1" description="" />
   <keyValuePair key="ramb36e1" value="2" description="" />
   <keyValuePair key="ramd32" value="110" description="" />
   <keyValuePair key="rams32" value="36" description="" />
   <keyValuePair key="rams64e" value="1" description="" />
   <keyValuePair key="srl16e" value="253" description="" />
   <keyValuePair key="srlc32e" value="47" description="" />
   <keyValuePair key="vcc" value="36" description="" />
  </section>
  <section name="pre_unisim_transformation" level="2" order="2" description="">
   <keyValuePair key="bibuf" value="130" description="" />
   <keyValuePair key="bufg" value="5" description="" />
   <keyValuePair key="carry4" value="196" description="" />
   <keyValuePair key="dsp48e1" value="7" description="" />
   <keyValuePair key="fdce" value="22" description="" />
   <keyValuePair key="fdpe" value="12" description="" />
   <keyValuePair key="fdre" value="5362" description="" />
   <keyValuePair key="fdse" value="227" description="" />
   <keyValuePair key="fifo36e1" value="5" description="" />
   <keyValuePair key="gnd" value="44" description="" />
   <keyValuePair key="iobuf" value="2" description="" />
   <keyValuePair key="lut1" value="412" description="" />
   <keyValuePair key="lut2" value="692" description="" />
   <keyValuePair key="lut3" value="941" description="" />
   <keyValuePair key="lut4" value="503" description="" />
   <keyValuePair key="lut5" value="963" description="" />
   <keyValuePair key="lut6" value="1687" description="" />
   <keyValuePair key="mmcme2_adv" value="1" description="" />
   <keyValuePair key="muxf7" value="73" description="" />
   <keyValuePair key="obuft" value="21" description="" />
   <keyValuePair key="oddr" value="2" description="" />
   <keyValuePair key="ps7" value="1" description="" />
   <keyValuePair key="ram32m" value="18" description="" />
   <keyValuePair key="ram32x1d" value="1" description="" />
   <keyValuePair key="ram64x1s" value="1" description="" />
   <keyValuePair key="ramb18e1" value="1" description="" />
   <keyValuePair key="ramb36e1" value="2" description="" />
   <keyValuePair key="srl16e" value="253" description="" />
   <keyValuePair key="srlc32e" value="47" description="" />
   <keyValuePair key="vcc" value="36" description="" />
  </section>
 </section>
 <section name="vivado_usage" level="1" order="10" description="">
  <section name="project_data" level="2" order="1" description="">
   <keyValuePair key="board" value="ZedBoard Zynq Evaluation and Development Kit" description="" />
   <keyValuePair key="constraintsetcount" value="0" description="" />
   <keyValuePair key="currentimplrun" value="impl_1" description="" />
   <keyValuePair key="currentsynthesisrun" value="[unknown]" description="" />
   <keyValuePair key="designmode" value="GateLvl" description="" />
   <keyValuePair key="hdproject" value="false" description="" />
   <keyValuePair key="implstrategy" value="Vivado Implementation Defaults" description="" />
   <keyValuePair key="partitioncount" value="0" description="" />
   <keyValuePair key="prproject" value="false" description="" />
   <keyValuePair key="reconfigmodulecount" value="0" description="" />
   <keyValuePair key="reconfigpartitioncount" value="0" description="" />
   <keyValuePair key="srcsetcount" value="1" description="" />
   <keyValuePair key="synthesisstrategy" value="[unknown]" description="" />
   <keyValuePair key="totalimplruns" value="1" description="" />
   <keyValuePair key="totalsynthesisruns" value="0" description="" />
  </section>
 </section>
</section>
</webTalkData>
